gameCode;saveType;saveSize
A22E;none;0x0
A22J;none;0x0
A22K;none;0x0
A22P;none;0x0
A23E;none;0x0
A23J;none;0x0
A23K;none;0x0
A24E;none;0x0
A24J;none;0x0
A24P;none;0x0
A25J;none;0x0
A26E;none;0x0
A26J;none;0x0
A26P;none;0x0
A27J;none;0x0
A27P;none;0x0
A28J;none;0x0
A29E;none;0x0
A29J;none;0x0
A29P;none;0x0
A2AJ;eeprom;0x2000
A2BJ;eeprom;0x200
A2DC;eeprom;0x2000
A2DE;eeprom;0x2000
A2DJ;eeprom;0x2000
A2DK;eeprom;0x2000
A2DP;eeprom;0x2000
A2FJ;eeprom;0x10000
A2GE;eeprom;0x10000
A2GJ;eeprom;0x10000
A2GP;eeprom;0x10000
A2GX;eeprom;0x10000
A2HE;eeprom;0x200
A2HJ;flash;0x40000
A2HP;flash;0x40000
A2IE;eeprom;0x200
A2IJ;flash;0x40000
A2IP;flash;0x40000
A2JJ;eeprom;0x10000
A2KJ;flash;0x40000
A2LE;eeprom;0x10000
A2LP;eeprom;0x10000
A2ME;eeprom;0x200
A2MP;eeprom;0x200
A2OE;eeprom;0x10000
A2OJ;eeprom;0x10000
A2OP;eeprom;0x10000
A2RJ;eeprom;0x10000
A2SE;eeprom;0x2000
A2TE;eeprom;0x200
A2TP;eeprom;0x200
A2UJ;eeprom;0x2000
A2VE;eeprom;0x200
A2VP;eeprom;0x200
A2WE;eeprom;0x200
A2WJ;eeprom;0x200
A2WX;eeprom;0x200
A2WY;eeprom;0x200
A2XJ;eeprom;0x2000
A2XK;eeprom;0x2000
A2YJ;flash;0x100000
A2ZJ;eeprom;0x200
A32E;none;0x0
A32J;none;0x0
A33J;none;0x0
A34J;none;0x0
A35J;none;0x0
A36E;none;0x0
A36J;none;0x0
A36K;none;0x0
A36P;none;0x0
A37J;none;0x0
A38J;none;0x0
A39E;none;0x0
A39J;none;0x0
A39K;none;0x0
A3AJ;flash;0x80000
A3BJ;eeprom;0x2000
A3DJ;eeprom;0x10000
A3EE;eeprom;0x2000
A3EP;eeprom;0x2000
A3FJ;flash;0x40000
A3FK;flash;0x40000
A3GJ;flash;0x40000
A3GK;flash;0x40000
A3HE;eeprom;0x200
A3HP;eeprom;0x200
A3IE;eeprom;0x2000
A3IJ;eeprom;0x2000
A3IP;eeprom;0x2000
A3KJ;eeprom;0x10000
A3LJ;eeprom;0x2000
A3ME;eeprom;0x2000
A3MJ;eeprom;0x2000
A3MK;eeprom;0x2000
A3MP;eeprom;0x2000
A3OE;eeprom;0x200
A3OJ;eeprom;0x200
A3OP;eeprom;0x200
A3PJ;eeprom;0x200
A3QJ;eeprom;0x10000
A3RE;eeprom;0x2000
A3RP;eeprom;0x2000
A3SD;eeprom;0x200
A3SE;eeprom;0x200
A3SF;eeprom;0x200
A3SH;eeprom;0x200
A3SI;eeprom;0x200
A3SP;eeprom;0x200
A3SS;eeprom;0x200
A3TE;eeprom;0x2000
A3TP;eeprom;0x2000
A3TX;eeprom;0x2000
A3UJ;eeprom;0x200
A3VE;eeprom;0x10000
A3VJ;eeprom;0x10000
A3WE;eeprom;0x2000
A3WP;eeprom;0x2000
A3WU;eeprom;0x2000
A3WX;eeprom;0x2000
A3XE;eeprom;0x200
A3XP;eeprom;0x200
A3YE;eeprom;0x10000
A3YJ;eeprom;0x10000
A3YK;eeprom;0x10000
A3YP;eeprom;0x10000
A3ZJ;eeprom;0x2000
A42J;none;0x0
A43E;none;0x0
A43J;none;0x0
A43K;none;0x0
A43P;none;0x0
A44J;none;0x0
A45J;none;0x0
A45P;none;0x0
A46J;none;0x0
A47J;none;0x0
A48J;none;0x0
A49J;none;0x0
A4AJ;eeprom;0x2000
A4BJ;none;0x0
A4CE;eeprom;0x10000
A4CJ;eeprom;0x10000
A4CP;eeprom;0x10000
A4CX;eeprom;0x10000
A4DJ;eeprom;0x10000
A4EJ;flash;0x40000
A4EP;flash;0x40000
A4FJ;none;0x0
A4FP;none;0x0
A4GJ;eeprom;0x2000
A4HJ;eeprom;0x2000
A4IE;eeprom;0x200
A4IP;eeprom;0x200
A4JJ;eeprom;0x2000
A4KJ;eeprom;0x2000
A4LJ;eeprom;0x2000
A4NJ;eeprom;0x2000
A4OE;flash;0x40000
A4OJ;flash;0x40000
A4OP;flash;0x40000
A4PE;eeprom;0x2000
A4PP;eeprom;0x2000
A4QJ;eeprom;0x200
A4RJ;eeprom;0x2000
A4UJ;eeprom;0x2000
A4VJ;flash;0x40000
A4YJ;eeprom;0x10000
A4YK;eeprom;0x10000
A4ZE;eeprom;0x200
A4ZP;eeprom;0x200
A52J;none;0x0
A53J;none;0x0
A54J;none;0x0
A55E;none;0x0
A55J;none;0x0
A55K;none;0x0
A56J;none;0x0
A57E;none;0x0
A57J;none;0x0
A57K;none;0x0
A57P;none;0x0
A58E;none;0x0
A58J;none;0x0
A58K;none;0x0
A58P;none;0x0
A59E;none;0x0
A5AE;eeprom;0x200
A5AJ;eeprom;0x200
A5AP;eeprom;0x200
A5AX;eeprom;0x200
A5BJ;eeprom;0x2000
A5CJ;eeprom;0x200
A5DJ;eeprom;0x2000
A5EJ;eeprom;0x200
A5FE;eeprom;0x2000
A5FJ;eeprom;0x10000
A5FK;eeprom;0x2000
A5FP;eeprom;0x2000
A5GE;eeprom;0x200
A5HE;eeprom;0x200
A5IE;eeprom;0x200
A5KJ;eeprom;0x10000
A5LE;eeprom;0x2000
A5LP;eeprom;0x2000
A5MJ;eeprom;0x2000
A5OE;eeprom;0x200
A5OP;eeprom;0x200
A5PE;eeprom;0x200
A5PJ;eeprom;0x200
A5PP;eeprom;0x200
A5PX;eeprom;0x200
A5QJ;eeprom;0x200
A5RJ;eeprom;0x2000
A5TE;flash;0x40000
A5TJ;flash;0x40000
A5TP;flash;0x40000
A5UE;flash;0x40000
A5UP;flash;0x40000
A5ZE;eeprom;0x200
A62E;none;0x0
A62J;none;0x0
A62K;none;0x0
A62P;none;0x0
A63E;none;0x0
A63J;none;0x0
A64J;none;0x0
A65J;none;0x0
A66J;none;0x0
A67J;none;0x0
A69J;none;0x0
A6AE;flash;0x40000
A6AJ;flash;0x40000
A6AP;flash;0x40000
A6BE;flash;0x40000
A6BJ;flash;0x40000
A6BP;flash;0x40000
A6CE;flash;0x40000
A6CJ;flash;0x40000
A6CP;flash;0x40000
A6DJ;eeprom;0x2000
A6EJ;eeprom;0x10000
A6FE;eeprom;0x10000
A6FJ;eeprom;0x10000
A6FP;eeprom;0x10000
A6GJ;eeprom;0x2000
A6GK;eeprom;0x2000
A6HJ;eeprom;0x2000
A6IJ;eeprom;0x10000
A6JJ;eeprom;0x2000
A6KE;eeprom;0x10000
A6KJ;eeprom;0x10000
A6KP;eeprom;0x10000
A6LJ;eeprom;0x2000
A6NE;eeprom;0x10000
A6NJ;eeprom;0x10000
A6NP;eeprom;0x10000
A6OJ;eeprom;0x2000
A6PJ;eeprom;0x10000
A6QJ;eeprom;0x200
A6RE;eeprom;0x10000
A6RJ;eeprom;0x10000
A6SE;eeprom;0x200
A6SP;eeprom;0x200
A6TE;eeprom;0x200
A6TP;eeprom;0x200
A6UJ;eeprom;0x200
A6WE;eeprom;0x2000
A6WP;eeprom;0x2000
A6XJ;eeprom;0x2000
A6YE;eeprom;0x2000
A6YP;eeprom;0x2000
A6ZJ;eeprom;0x2000
A72E;none;0x0
A72J;none;0x0
A72K;none;0x0
A73J;none;0x0
A74P;none;0x0
A75J;none;0x0
A76E;none;0x0
A76J;none;0x0
A76K;none;0x0
A77J;none;0x0
A78J;none;0x0
A79E;none;0x0
A79J;none;0x0
A79P;none;0x0
A7AE;eeprom;0x200
A7AP;eeprom;0x200
A7BE;eeprom;0x200
A7BP;eeprom;0x200
A7CE;eeprom;0x200
A7CP;eeprom;0x200
A7DE;eeprom;0x200
A7DP;eeprom;0x200
A7EE;eeprom;0x200
A7EP;eeprom;0x200
A7FP;eeprom;0x200
A7GE;eeprom;0x200
A7HE;eeprom;0x200
A7HP;eeprom;0x200
A7IE;eeprom;0x200
A7IP;eeprom;0x200
A7JE;eeprom;0x200
A7KE;eeprom;0x200
A7LE;eeprom;0x200
A7ME;eeprom;0x200
A7NE;eeprom;0x200
A7OE;eeprom;0x200
A7PE;eeprom;0x200
A7QE;eeprom;0x200
A7RE;eeprom;0x200
A7SE;eeprom;0x200
A7TE;eeprom;0x200
A7UE;eeprom;0x200
A82J;none;0x0
A83J;none;0x0
A84J;none;0x0
A85E;none;0x0
A85J;none;0x0
A85K;none;0x0
A85P;none;0x0
A89J;none;0x0
A8AJ;eeprom;0x200
A8BE;eeprom;0x2000
A8BP;eeprom;0x2000
A8CE;eeprom;0x2000
A8CJ;eeprom;0x2000
A8CK;eeprom;0x2000
A8CP;eeprom;0x2000
A8DE;eeprom;0x2000
A8DJ;eeprom;0x2000
A8DP;eeprom;0x2000
A8EJ;eeprom;0x200
A8FJ;eeprom;0x200
A8GJ;eeprom;0x2000
A8HJ;eeprom;0x200
A8IJ;eeprom;0x2000
A8KJ;eeprom;0x10000
A8NE;flash;0x40000
A8NJ;flash;0x40000
A8NP;flash;0x40000
A8PJ;eeprom;0x2000
A8QE;flash;0x40000
A8QJ;flash;0x40000
A8QP;flash;0x40000
A8RJ;flash;0x40000
A8SP;eeprom;0x2000
A8SX;eeprom;0x2000
A8SY;eeprom;0x2000
A8TE;eeprom;0x2000
A8TJ;eeprom;0x2000
A8TK;eeprom;0x2000
A8TP;eeprom;0x2000
A8UJ;eeprom;0x2000
A8VJ;eeprom;0x2000
A8WJ;eeprom;0x200
A8XJ;eeprom;0x2000
A8YJ;eeprom;0x200
A8ZJ;eeprom;0x2000
A93J;none;0x0
A95E;none;0x0
A95J;none;0x0
A96J;none;0x0
A97J;none;0x0
A98J;none;0x0
A99J;none;0x0
AAEJ;eeprom;0x200
AAFA;flash;0x40000
AAFJ;none;0x0
AAFP;none;0x0
AAGJ;none;0x0
AAHJ;none;0x0
AAIJ;none;0x0
AANJ;none;0x0
AAPJ;flash;0x40000
AAQE;none;0x0
AAQU;none;0x0
AARE;none;0x0
AB2E;eeprom;0x2000
AB2P;eeprom;0x2000
AB3E;eeprom;0x10000
AB3J;eeprom;0x10000
AB3P;eeprom;0x10000
AB4E;flash;0x40000
AB4J;flash;0x40000
AB4K;flash;0x40000
AB5J;eeprom;0x200
AB6E;eeprom;0x200
AB6J;eeprom;0x200
AB6P;eeprom;0x200
AB7E;eeprom;0x200
AB7P;eeprom;0x200
AB8E;eeprom;0x200
AB8P;eeprom;0x200
AB9E;eeprom;0x200
AB9J;eeprom;0x200
AB9P;eeprom;0x200
ABAE;eeprom;0x200
ABAP;eeprom;0x200
ABBJ;flash;0x40000
ABCE;flash;0x40000
ABCJ;flash;0x40000
ABCK;flash;0x40000
ABCP;flash;0x40000
ABDE;eeprom;0x200
ABEE;eeprom;0x200
ABFJ;flash;0x40000
ABHE;eeprom;0x2000
ABHJ;eeprom;0x2000
ABHP;eeprom;0x2000
ABIJ;flash;0x40000
ABJE;flash;0x40000
ABJJ;flash;0x40000
ABJK;flash;0x40000
ABJP;flash;0x40000
ABKE;eeprom;0x200
ABKJ;eeprom;0x200
ABKP;eeprom;0x200
ABLE;eeprom;0x2000
ABLJ;eeprom;0x2000
ABLP;eeprom;0x2000
ABME;eeprom;0x200
ABMJ;eeprom;0x200
ABMP;eeprom;0x200
ABNJ;eeprom;0x2000
ABNP;eeprom;0x2000
ABOE;eeprom;0x200
ABOP;eeprom;0x200
ABRE;eeprom;0x2000
ABRP;eeprom;0x2000
ABSJ;flash;0x40000
ABTE;eeprom;0x200
ABTP;eeprom;0x200
ABUE;flash;0x40000
ABUJ;flash;0x40000
ABUP;flash;0x40000
ABVJ;eeprom;0x2000
ABXE;eeprom;0x2000
ABXJ;eeprom;0x2000
ABXK;eeprom;0x2000
ABXP;eeprom;0x2000
ABZE;eeprom;0x10000
ABZJ;eeprom;0x10000
ABZP;eeprom;0x10000
AC2E;eeprom;0x200
AC2J;eeprom;0x200
AC2P;eeprom;0x200
AC3E;flash;0x40000
AC3J;flash;0x40000
AC3K;flash;0x40000
AC3P;flash;0x40000
AC4E;eeprom;0x200
AC4J;eeprom;0x200
AC4P;eeprom;0x200
AC5J;flash;0x40000
AC6D;eeprom;0x2000
AC6E;eeprom;0x2000
AC6P;eeprom;0x2000
AC6X;eeprom;0x2000
AC6Y;eeprom;0x2000
AC7E;eeprom;0x2000
AC7J;eeprom;0x2000
AC7P;eeprom;0x2000
AC9D;eeprom;0x200
AC9E;eeprom;0x200
AC9F;eeprom;0x200
AC9I;eeprom;0x200
AC9P;eeprom;0x200
AC9S;eeprom;0x200
ACAE;eeprom;0x200
ACAP;eeprom;0x200
ACBE;eeprom;0x10000
ACBJ;eeprom;0x10000
ACBP;eeprom;0x10000
ACCE;eeprom;0x200
ACCJ;eeprom;0x200
ACCK;eeprom;0x200
ACCP;eeprom;0x200
ACCX;eeprom;0x200
ACEJ;eeprom;0x2000
ACFE;eeprom;0x2000
ACFJ;eeprom;0x2000
ACFP;eeprom;0x2000
ACGE;eeprom;0x2000
ACHJ;flash;0x40000
ACHP;flash;0x40000
ACID;eeprom;0x2000
ACIE;eeprom;0x2000
ACII;eeprom;0x2000
ACIJ;eeprom;0x2000
ACIP;eeprom;0x2000
ACIS;eeprom;0x2000
ACJE;eeprom;0x200
ACJP;eeprom;0x200
ACKJ;flash;0x40000
ACLE;eeprom;0x10000
ACLJ;eeprom;0x10000
ACLP;eeprom;0x10000
ACME;eeprom;0x200
ACMJ;eeprom;0x200
ACMP;eeprom;0x200
ACNE;eeprom;0x2000
ACNJ;eeprom;0x2000
ACNP;eeprom;0x2000
ACOE;flash;0x40000
ACOJ;flash;0x40000
ACOP;flash;0x40000
ACPE;eeprom;0x2000
ACPJ;eeprom;0x2000
ACPP;eeprom;0x2000
ACQJ;eeprom;0x200
ACRE;eeprom;0x200
ACRP;eeprom;0x200
ACTE;eeprom;0x200
ACTJ;eeprom;0x200
ACTP;eeprom;0x200
ACUE;flash;0x40000
ACUJ;flash;0x40000
ACUX;flash;0x40000
ACUY;flash;0x40000
ACVE;eeprom;0x2000
ACVJ;eeprom;0x2000
ACVP;eeprom;0x2000
ACWJ;eeprom;0x2000
ACXE;eeprom;0x10000
ACXP;eeprom;0x10000
ACYJ;flash;0x40000
ACZD;eeprom;0x200
ACZE;eeprom;0x200
ACZI;eeprom;0x200
ACZJ;eeprom;0x200
ACZP;eeprom;0x200
ACZX;eeprom;0x200
ACZY;eeprom;0x200
ACZZ;eeprom;0x200
AD2E;flash;0x40000
AD2J;flash;0x40000
AD2K;flash;0x40000
AD2P;flash;0x40000
AD3E;flash;0x40000
AD3J;flash;0x40000
AD3K;flash;0x40000
AD3P;flash;0x40000
AD4E;flash;0x40000
AD4J;flash;0x40000
AD4K;flash;0x40000
AD4P;flash;0x40000
AD4U;flash;0x40000
AD5E;flash;0x40000
AD7E;flash;0x40000
AD7P;flash;0x40000
AD8J;eeprom;0x2000
AD9E;eeprom;0x10000
AD9J;eeprom;0x10000
AD9P;eeprom;0x10000
ADAD;flash;0x80000
ADAE;flash;0x80000
ADAF;flash;0x80000
ADAI;flash;0x80000
ADAJ;flash;0x80000
ADAK;flash;0x80000
ADAP;flash;0x80000
ADAS;flash;0x80000
ADBJ;eeprom;0x2000
ADBP;eeprom;0x2000
ADCE;eeprom;0x200
ADCJ;eeprom;0x200
ADCP;eeprom;0x200
ADDE;eeprom;0x200
ADDJ;eeprom;0x200
ADDP;eeprom;0x200
ADEJ;eeprom;0x10000
ADFE;eeprom;0x200
ADFP;eeprom;0x200
ADGE;flash;0x40000
ADGJ;flash;0x40000
ADGK;flash;0x40000
ADGP;flash;0x40000
ADHJ;flash;0x40000
ADIJ;eeprom;0x200
ADJJ;flash;0x40000
ADKJ;flash;0x40000
ADLE;eeprom;0x10000
ADLJ;eeprom;0x10000
ADLP;eeprom;0x10000
ADME;flash;0x40000
ADMJ;flash;0x40000
ADMK;flash;0x40000
ADMP;flash;0x40000
ADNE;eeprom;0x10000
ADNJ;eeprom;0x10000
ADPJ;eeprom;0x2000
ADPK;eeprom;0x2000
ADPP;eeprom;0x2000
ADQE;eeprom;0x2000
ADQJ;eeprom;0x2000
ADRE;eeprom;0x2000
ADRJ;eeprom;0x2000
ADRP;eeprom;0x2000
ADSJ;none;0x0
ADUJ;eeprom;0x10000
ADVE;eeprom;0x200
ADVJ;eeprom;0x200
ADVP;eeprom;0x200
ADWK;eeprom;0x2000
ADXJ;eeprom;0x2000
ADZE;eeprom;0x2000
ADZJ;eeprom;0x2000
ADZP;eeprom;0x2000
AE2J;eeprom;0x200
AE3E;eeprom;0x200
AE4J;eeprom;0x2000
AE5J;eeprom;0x10000
AE6J;eeprom;0x10000
AE7J;eeprom;0x2000
AE8J;eeprom;0x2000
AE9J;eeprom;0x2000
AEAE;eeprom;0x200
AEAP;eeprom;0x200
AEBE;none;0x0
AECE;eeprom;0x200
AECJ;eeprom;0x200
AECP;eeprom;0x200
AEDP;eeprom;0x200
AEEJ;eeprom;0x10000
AEFE;eeprom;0x200
AEFX;eeprom;0x200
AEGE;eeprom;0x200
AEGP;eeprom;0x200
AEHE;eeprom;0x2000
AEHJ;eeprom;0x2000
AEHP;eeprom;0x2000
AEJJ;eeprom;0x2000
AEKE;eeprom;0x2000
AEKP;eeprom;0x2000
AEKX;eeprom;0x2000
AELJ;eeprom;0x2000
AEMJ;eeprom;0x10000
AENE;eeprom;0x2000
AENJ;eeprom;0x2000
AENP;eeprom;0x2000
AEOJ;eeprom;0x200
AEPJ;eeprom;0x10000
AEQJ;eeprom;0x2000
AERE;eeprom;0x2000
AERJ;eeprom;0x2000
AERP;eeprom;0x2000
AETJ;eeprom;0x200
AEUJ;eeprom;0x10000
AEVJ;eeprom;0x2000
AEWJ;eeprom;0x2000
AEXJ;eeprom;0x2000
AEYJ;eeprom;0x2000
AEYK;eeprom;0x2000
AEZJ;eeprom;0x2000
AF2J;eeprom;0x2000
AF3E;eeprom;0x200
AF3P;eeprom;0x200
AF6E;eeprom;0x2000
AF6P;eeprom;0x2000
AF7E;eeprom;0x10000
AF7P;eeprom;0x10000
AF8J;eeprom;0x2000
AF9E;eeprom;0x200
AF9P;eeprom;0x200
AFAE;eeprom;0x10000
AFAJ;eeprom;0x10000
AFAK;eeprom;0x10000
AFBE;eeprom;0x200
AFBP;eeprom;0x200
AFCP;eeprom;0x200
AFDE;eeprom;0x2000
AFDP;eeprom;0x2000
AFEE;eeprom;0x10000
AFEJ;eeprom;0x10000
AFEK;eeprom;0x10000
AFEP;eeprom;0x10000
AFFE;eeprom;0x10000
AFFJ;eeprom;0x10000
AFFP;eeprom;0x10000
AFGE;eeprom;0x200
AFGP;eeprom;0x200
AFHJ;eeprom;0x2000
AFIP;eeprom;0x2000
AFIX;eeprom;0x2000
AFKP;eeprom;0x200
AFLE;eeprom;0x200
AFMJ;eeprom;0x2000
AFMK;eeprom;0x2000
AFND;eeprom;0x2000
AFNE;eeprom;0x2000
AFNJ;eeprom;0x2000
AFNP;eeprom;0x2000
AFNX;eeprom;0x2000
AFNY;eeprom;0x2000
AFOE;eeprom;0x10000
AFOJ;eeprom;0x10000
AFPJ;eeprom;0x200
AFQE;eeprom;0x10000
AFQJ;eeprom;0x2000
AFQK;eeprom;0x10000
AFQP;eeprom;0x10000
AFRE;eeprom;0x200
AFRP;eeprom;0x200
AFSE;eeprom;0x2000
AFSP;eeprom;0x2000
AFTE;eeprom;0x200
AFTP;eeprom;0x200
AFUE;eeprom;0x10000
AFUJ;eeprom;0x10000
AFUP;eeprom;0x10000
AFVE;eeprom;0x200
AFVP;eeprom;0x200
AFWE;eeprom;0x200
AFWP;eeprom;0x200
AFXE;eeprom;0x10000
AFXJ;eeprom;0x10000
AFXP;eeprom;0x10000
AFYD;eeprom;0x200
AFYE;eeprom;0x200
AFYF;eeprom;0x200
AFYI;eeprom;0x200
AFYP;eeprom;0x200
AFYS;eeprom;0x200
AFZD;eeprom;0x200
AFZE;eeprom;0x200
AFZF;eeprom;0x200
AFZI;eeprom;0x200
AFZP;eeprom;0x200
AFZS;eeprom;0x200
AG2E;eeprom;0x200
AG2P;eeprom;0x200
AG3E;flash;0x40000
AG3J;flash;0x40000
AG3K;flash;0x40000
AG3P;flash;0x40000
AG5E;eeprom;0x200
AG5P;eeprom;0x200
AG6E;eeprom;0x2000
AG6J;eeprom;0x2000
AG6P;eeprom;0x2000
AG7E;eeprom;0x2000
AG7J;eeprom;0x2000
AG7P;eeprom;0x2000
AG8E;eeprom;0x10000
AG8J;eeprom;0x10000
AG8P;eeprom;0x10000
AG9J;eeprom;0x10000
AGCE;eeprom;0x10000
AGCJ;eeprom;0x10000
AGCP;eeprom;0x10000
AGCX;eeprom;0x10000
AGCY;eeprom;0x10000
AGDJ;eeprom;0x10000
AGEE;eeprom;0x200
AGEF;eeprom;0x200
AGEJ;eeprom;0x200
AGEP;eeprom;0x200
AGFE;eeprom;0x2000
AGFJ;eeprom;0x2000
AGFP;eeprom;0x2000
AGGJ;eeprom;0x2000
AGLE;eeprom;0x200
AGLJ;eeprom;0x200
AGLP;eeprom;0x200
AGNE;eeprom;0x200
AGNP;eeprom;0x200
AGOJ;flash;0x40000
AGPE;eeprom;0x2000
AGPJ;eeprom;0x2000
AGPP;eeprom;0x2000
AGQE;eeprom;0x10000
AGRJ;flash;0x40000
AGRP;flash;0x40000
AGTJ;eeprom;0x2000
AGUJ;eeprom;0x2000
AGVE;eeprom;0x2000
AGVP;eeprom;0x2000
AGWE;eeprom;0x2000
AGWJ;eeprom;0x2000
AGWP;eeprom;0x2000
AGXE;eeprom;0x10000
AGXP;eeprom;0x10000
AGYE;flash;0x40000
AGYJ;flash;0x40000
AGYP;flash;0x40000
AGYX;eeprom;0x10000
AGZJ;eeprom;0x200
AH2J;eeprom;0x10000
AH3E;eeprom;0x10000
AH3J;eeprom;0x10000
AH3P;eeprom;0x10000
AH3X;eeprom;0x10000
AH4J;eeprom;0x200
AH5D;eeprom;0x200
AH5E;eeprom;0x200
AH5F;eeprom;0x200
AH5H;eeprom;0x200
AH5I;eeprom;0x200
AH5P;eeprom;0x200
AH5S;eeprom;0x200
AH6E;eeprom;0x200
AH6J;eeprom;0x200
AH6P;eeprom;0x200
AH7J;eeprom;0x2000
AH8E;eeprom;0x200
AH8J;eeprom;0x200
AH8P;eeprom;0x200
AH9E;flash;0x40000
AH9P;flash;0x40000
AHBE;eeprom;0x2000
AHBP;eeprom;0x2000
AHDE;eeprom;0x2000
AHDJ;eeprom;0x2000
AHDP;eeprom;0x2000
AHEE;flash;0x40000
AHEJ;flash;0x40000
AHEP;flash;0x40000
AHFE;eeprom;0x200
AHFP;eeprom;0x200
AHGJ;eeprom;0x10000
AHHE;eeprom;0x200
AHHP;eeprom;0x200
AHIJ;eeprom;0x10000
AHJE;eeprom;0x2000
AHJP;eeprom;0x2000
AHJX;eeprom;0x2000
AHJY;eeprom;0x2000
AHKE;eeprom;0x10000
AHKF;eeprom;0x10000
AHKJ;eeprom;0x10000
AHKK;eeprom;0x10000
AHKP;eeprom;0x10000
AHLJ;eeprom;0x10000
AHMJ;eeprom;0x2000
AHNE;eeprom;0x200
AHNP;eeprom;0x200
AHOJ;eeprom;0x2000
AHPE;eeprom;0x200
AHPJ;eeprom;0x200
AHPP;eeprom;0x200
AHQE;eeprom;0x200
AHQP;eeprom;0x200
AHRE;eeprom;0x2000
AHRJ;eeprom;0x2000
AHRP;eeprom;0x2000
AHSE;eeprom;0x2000
AHSJ;eeprom;0x2000
AHSP;eeprom;0x2000
AHTP;eeprom;0x200
AHVE;eeprom;0x200
AHVP;eeprom;0x200
AHXE;eeprom;0x200
AHXP;eeprom;0x200
AHZE;eeprom;0x200
AHZH;eeprom;0x200
AHZP;eeprom;0x200
AI2E;eeprom;0x2000
AI2P;eeprom;0x2000
AI3P;eeprom;0x2000
AI3W;eeprom;0x2000
AI3X;eeprom;0x2000
AI3Y;eeprom;0x2000
AI3Z;eeprom;0x2000
AI4J;eeprom;0x10000
AI5J;eeprom;0x2000
AI8E;eeprom;0x2000
AI8P;eeprom;0x2000
AI9J;eeprom;0x2000
AIAE;eeprom;0x200
AIAJ;eeprom;0x200
AIAP;eeprom;0x200
AIBJ;eeprom;0x2000
AICE;eeprom;0x200
AICJ;eeprom;0x200
AICP;eeprom;0x200
AICX;eeprom;0x200
AIDJ;eeprom;0x2000
AIFJ;eeprom;0x2000
AIGJ;eeprom;0x10000
AIHJ;eeprom;0x2000
AIIJ;eeprom;0x10000
AIJJ;eeprom;0x10000
AIKJ;eeprom;0x2000
AILJ;eeprom;0x2000
AIMJ;flash;0x40000
AINJ;eeprom;0x2000
AIOJ;flash;0x40000
AIOP;flash;0x40000
AIPE;none;0x0
AIPP;none;0x0
AIQJ;eeprom;0x2000
AIRJ;eeprom;0x200
AISE;eeprom;0x200
AISP;eeprom;0x200
AITE;eeprom;0x200
AITP;eeprom;0x200
AIVJ;eeprom;0x2000
AIWJ;eeprom;0x2000
AIXJ;eeprom;0x2000
AIYE;eeprom;0x200
AIZE;eeprom;0x2000
AIZJ;eeprom;0x2000
AIZP;eeprom;0x2000
AJ2P;none;0x0
AJAJ;eeprom;0x10000
AJBE;flash;0x40000
AJBJ;flash;0x40000
AJCJ;eeprom;0x2000
AJDJ;eeprom;0x2000
AJEJ;eeprom;0x10000
AJGJ;flash;0x40000
AJHJ;eeprom;0x2000
AJJJ;eeprom;0x200
AJKJ;eeprom;0x2000
AJLE;eeprom;0x200
AJLP;eeprom;0x200
AJMJ;eeprom;0x10000
AJNE;eeprom;0x2000
AJNJ;eeprom;0x2000
AJNP;eeprom;0x2000
AJPE;eeprom;0x200
AJPP;eeprom;0x200
AJQE;eeprom;0x2000
AJQJ;eeprom;0x2000
AJQP;eeprom;0x2000
AJRE;flash;0x40000
AJRJ;flash;0x40000
AJRP;flash;0x40000
AJSJ;eeprom;0x2000
AJTE;eeprom;0x200
AJTP;eeprom;0x200
AJUJ;eeprom;0x10000
AJVJ;eeprom;0x200
AJWJ;eeprom;0x200
AJXJ;eeprom;0x200
AJYJ;flash;0x80000
AJZJ;eeprom;0x2000
AK2E;eeprom;0x200
AK2J;eeprom;0x200
AK2X;eeprom;0x200
AK3E;eeprom;0x2000
AK3J;eeprom;0x2000
AK3P;eeprom;0x2000
AK4J;eeprom;0x10000
AK5E;eeprom;0x200
AK5J;eeprom;0x200
AK6E;eeprom;0x200
AK6P;eeprom;0x200
AK7J;flash;0x40000
AK9J;eeprom;0x2000
AKAE;flash;0x40000
AKAJ;flash;0x40000
AKAP;flash;0x40000
AKBE;eeprom;0x10000
AKBJ;eeprom;0x10000
AKBP;eeprom;0x10000
AKDE;eeprom;0x2000
AKDJ;eeprom;0x2000
AKDP;eeprom;0x2000
AKEJ;eeprom;0x2000
AKFJ;eeprom;0x200
AKGE;eeprom;0x2000
AKGJ;eeprom;0x2000
AKGP;eeprom;0x2000
AKHJ;eeprom;0x2000
AKJJ;eeprom;0x10000
AKKE;eeprom;0x10000
AKKJ;eeprom;0x10000
AKKP;eeprom;0x10000
AKKX;eeprom;0x10000
AKLJ;flash;0x40000
AKMJ;eeprom;0x10000
AKNJ;eeprom;0x200
AKOJ;eeprom;0x10000
AKPE;eeprom;0x200
AKPP;eeprom;0x200
AKQE;eeprom;0x200
AKQJ;eeprom;0x200
AKQP;eeprom;0x200
AKRJ;eeprom;0x2000
AKSJ;eeprom;0x2000
AKTJ;eeprom;0x200
AKUE;eeprom;0x200
AKUP;eeprom;0x200
AKVJ;eeprom;0x200
AKWE;eeprom;0x2000
AKWJ;eeprom;0x2000
AKWK;eeprom;0x2000
AKWP;eeprom;0x2000
AKXJ;eeprom;0x2000
AKYE;eeprom;0x10000
AKYJ;eeprom;0x10000
AKYP;eeprom;0x10000
AKZJ;eeprom;0x2000
AL2E;eeprom;0x2000
AL2J;eeprom;0x2000
AL2P;eeprom;0x2000
AL3E;eeprom;0x200
AL3J;eeprom;0x200
AL3K;eeprom;0x200
AL3P;eeprom;0x200
AL3X;eeprom;0x200
AL3Y;eeprom;0x200
AL4E;eeprom;0x200
AL4J;eeprom;0x200
AL4P;eeprom;0x200
AL5E;eeprom;0x200
AL5P;eeprom;0x200
AL6E;eeprom;0x200
AL7E;eeprom;0x200
AL7J;eeprom;0x200
AL7P;eeprom;0x200
AL8E;eeprom;0x200
AL8P;eeprom;0x200
AL9E;eeprom;0x2000
ALAJ;flash;0x40000
ALBJ;eeprom;0x10000
ALCE;none;0x0
ALCP;none;0x0
ALDE;eeprom;0x10000
ALDJ;flash;0x40000
ALDP;eeprom;0x10000
ALEJ;eeprom;0x2000
ALGJ;eeprom;0x200
ALHE;eeprom;0x200
ALHJ;eeprom;0x200
ALHP;eeprom;0x200
ALHX;eeprom;0x200
ALHY;eeprom;0x200
ALJE;eeprom;0x200
ALJP;eeprom;0x200
ALKE;eeprom;0x10000
ALKJ;eeprom;0x10000
ALKP;eeprom;0x10000
ALLJ;eeprom;0x10000
ALNE;eeprom;0x2000
ALPE;eeprom;0x200
ALQP;eeprom;0x200
ALRJ;eeprom;0x2000
ALSJ;eeprom;0x2000
ALTE;eeprom;0x200
ALTP;eeprom;0x200
ALUJ;eeprom;0x2000
ALUP;eeprom;0x2000
ALVE;eeprom;0x2000
ALVJ;eeprom;0x2000
ALVP;eeprom;0x2000
ALWD;eeprom;0x200
ALWE;eeprom;0x200
ALWJ;eeprom;0x200
ALWP;eeprom;0x200
ALWU;eeprom;0x200
ALWX;eeprom;0x200
ALWY;eeprom;0x200
ALWZ;eeprom;0x200
ALXE;eeprom;0x200
ALXP;eeprom;0x200
ALXX;eeprom;0x200
ALYD;eeprom;0x200
ALYE;eeprom;0x200
ALYF;eeprom;0x200
ALYI;eeprom;0x200
ALYP;eeprom;0x200
ALYS;eeprom;0x200
ALZJ;eeprom;0x2000
AM2J;flash;0x40000
AM3P;none;0x0
AM4E;eeprom;0x2000
AM4J;eeprom;0x200
AM4P;eeprom;0x10000
AM5J;flash;0x40000
AM6E;flash;0x40000
AM6P;flash;0x40000
AM7E;eeprom;0x2000
AM7J;eeprom;0x2000
AM7K;eeprom;0x2000
AM8E;eeprom;0x200
AM8J;eeprom;0x200
AM8P;eeprom;0x200
AM8X;eeprom;0x200
AM9E;eeprom;0x2000
AM9J;eeprom;0x2000
AM9P;eeprom;0x2000
AMAJ;eeprom;0x2000
AMBJ;eeprom;0x2000
AMCE;flash;0x40000
AMCJ;flash;0x40000
AMCK;flash;0x40000
AMCP;flash;0x40000
AMDE;flash;0x40000
AMEJ;eeprom;0x2000
AMFE;eeprom;0x200
AMFP;eeprom;0x200
AMGD;eeprom;0x200
AMGE;eeprom;0x200
AMGF;eeprom;0x200
AMGH;eeprom;0x200
AMGI;eeprom;0x200
AMGJ;eeprom;0x200
AMGP;eeprom;0x200
AMGS;eeprom;0x200
AMHE;flash;0x40000
AMHJ;flash;0x40000
AMHK;flash;0x40000
AMHP;flash;0x40000
AMIJ;eeprom;0x2000
AMJJ;flash;0x40000
AMKJ;eeprom;0x2000
AMLE;eeprom;0x2000
AMLP;eeprom;0x2000
AMMJ;eeprom;0x200
AMNJ;flash;0x40000
AMOE;eeprom;0x2000
AMOJ;eeprom;0x2000
AMOP;eeprom;0x2000
AMPE;eeprom;0x2000
AMQE;flash;0x40000
AMQJ;flash;0x40000
AMQP;flash;0x40000
AMRJ;eeprom;0x10000
AMSJ;eeprom;0x10000
AMTE;eeprom;0x2000
AMTJ;eeprom;0x2000
AMTP;eeprom;0x2000
AMUE;eeprom;0x200
AMUP;eeprom;0x200
AMVE;eeprom;0x200
AMVP;eeprom;0x200
AMWE;eeprom;0x2000
AMWP;eeprom;0x2000
AMXE;eeprom;0x200
AMXP;eeprom;0x200
AMYJ;eeprom;0x10000
AMZJ;eeprom;0x2000
AN2J;eeprom;0x2000
AN4E;eeprom;0x200
AN4J;eeprom;0x200
AN4P;eeprom;0x200
AN5J;eeprom;0x10000
AN6E;eeprom;0x200
AN6P;eeprom;0x200
AN7E;eeprom;0x2000
AN7P;eeprom;0x2000
AN8E;eeprom;0x200
AN8P;eeprom;0x200
AN9E;eeprom;0x200
AN9J;eeprom;0x200
AN9P;eeprom;0x200
ANAJ;eeprom;0x2000
ANBJ;flash;0x40000
ANCJ;eeprom;0x2000
ANDE;flash;0x40000
ANDJ;flash;0x40000
ANDK;flash;0x40000
ANDP;flash;0x40000
ANDU;none;0x0
ANEJ;eeprom;0x2000
ANFE;flash;0x40000
ANFP;flash;0x40000
ANGJ;flash;0x80000
ANGK;flash;0x80000
ANGP;flash;0x80000
ANHJ;flash;0x80000
ANHK;flash;0x80000
ANHP;flash;0x80000
ANIE;flash;0x40000
ANIJ;flash;0x40000
ANIP;flash;0x40000
ANJE;eeprom;0x200
ANJP;eeprom;0x200
ANKE;eeprom;0x200
ANKJ;eeprom;0x200
ANKP;eeprom;0x200
ANLE;eeprom;0x200
ANLP;eeprom;0x200
ANME;flash;0x40000
ANMJ;flash;0x40000
ANMK;flash;0x40000
ANMP;flash;0x40000
ANNJ;eeprom;0x10000
ANOE;eeprom;0x2000
ANOJ;eeprom;0x2000
ANOP;eeprom;0x2000
ANPE;eeprom;0x200
ANPP;eeprom;0x200
ANQE;eeprom;0x2000
ANQJ;eeprom;0x2000
ANQP;eeprom;0x2000
ANRJ;eeprom;0x200
ANRK;eeprom;0x200
ANRP;eeprom;0x200
ANSE;eeprom;0x200
ANSJ;eeprom;0x200
ANSP;eeprom;0x200
ANTE;eeprom;0x2000
ANTJ;eeprom;0x2000
ANUE;eeprom;0x200
ANUP;eeprom;0x200
ANWE;eeprom;0x2000
ANWP;eeprom;0x2000
ANXE;eeprom;0x200
ANXP;eeprom;0x200
ANYE;eeprom;0x10000
ANYJ;eeprom;0x10000
ANYP;eeprom;0x10000
ANZE;eeprom;0x200
ANZJ;eeprom;0x200
ANZP;eeprom;0x200
AO2J;flash;0x40000
AO3E;eeprom;0x200
AO3P;eeprom;0x200
AO4J;eeprom;0x2000
AO5J;flash;0x40000
AO5P;flash;0x40000
AO6E;eeprom;0x200
AO6J;eeprom;0x200
AO6P;eeprom;0x200
AO7J;eeprom;0x2000
AO8E;eeprom;0x10000
AO8P;eeprom;0x10000
AO9J;eeprom;0x2000
AOAJ;eeprom;0x200
AOCJ;eeprom;0x10000
AODJ;eeprom;0x10000
AOEJ;eeprom;0x10000
AOFJ;eeprom;0x10000
AOFP;eeprom;0x200
AOGP;eeprom;0x200
AOHJ;eeprom;0x10000
AOIJ;flash;0x80000
AOJE;eeprom;0x2000
AOJF;eeprom;0x2000
AOJI;eeprom;0x2000
AOJJ;eeprom;0x2000
AOJP;eeprom;0x2000
AOLF;eeprom;0x200
AOLP;eeprom;0x200
AOMJ;eeprom;0x2000
AONE;flash;0x40000
AONJ;flash;0x40000
AONP;flash;0x40000
AOOJ;eeprom;0x2000
AOPE;eeprom;0x200
AOQJ;eeprom;0x200
AOQP;eeprom;0x200
AOSD;flash;0x40000
AOSE;flash;0x40000
AOSF;flash;0x40000
AOSI;flash;0x40000
AOSJ;eeprom;0x2000
AOSK;flash;0x40000
AOSP;flash;0x40000
AOSS;flash;0x40000
AOTJ;eeprom;0x2000
AOUJ;eeprom;0x10000
AOVJ;eeprom;0x2000
AOWE;eeprom;0x200
AOWP;eeprom;0x200
AOXP;eeprom;0x200
AOYE;eeprom;0x2000
AOYP;eeprom;0x2000
AOZE;eeprom;0x2000
AOZF;eeprom;0x2000
AOZI;eeprom;0x2000
AOZJ;eeprom;0x2000
AOZP;eeprom;0x2000
AP2E;eeprom;0x200
AP2J;eeprom;0x200
AP2P;eeprom;0x200
AP8J;flash;0x40000
AP9J;eeprom;0x2000
APAD;flash;0x80000
APAE;flash;0x80000
APAF;flash;0x80000
APAI;flash;0x80000
APAJ;flash;0x80000
APAK;flash;0x80000
APAP;flash;0x80000
APAS;flash;0x80000
APBJ;eeprom;0x200
APCE;eeprom;0x200
APCJ;eeprom;0x200
APCK;eeprom;0x200
APCP;eeprom;0x200
APDE;eeprom;0x2000
APDJ;eeprom;0x2000
APDK;eeprom;0x2000
APDP;eeprom;0x2000
APEJ;eeprom;0x200
APFJ;eeprom;0x10000
APGE;eeprom;0x200
APGJ;eeprom;0x200
APGP;eeprom;0x200
APHE;flash;0x40000
APHJ;eeprom;0x10000
APHK;flash;0x40000
APHP;flash;0x40000
APIJ;flash;0x40000
APIK;eeprom;0x2000
APJJ;flash;0x40000
APKJ;flash;0x40000
APLE;eeprom;0x2000
APLJ;eeprom;0x2000
APLP;eeprom;0x2000
APMJ;eeprom;0x200
APNE;eeprom;0x200
APNJ;eeprom;0x200
APNK;eeprom;0x200
APNP;eeprom;0x200
APOJ;eeprom;0x200
APPD;eeprom;0x2000
APPE;eeprom;0x2000
APPF;eeprom;0x2000
APPP;eeprom;0x2000
APRE;eeprom;0x2000
APRJ;eeprom;0x2000
APRP;eeprom;0x2000
APSJ;flash;0x40000
APTE;eeprom;0x2000
APTJ;eeprom;0x2000
APTK;eeprom;0x2000
APTP;eeprom;0x2000
APUJ;eeprom;0x10000
APVE;eeprom;0x2000
APVJ;eeprom;0x2000
APWE;eeprom;0x200
APWP;eeprom;0x200
APXJ;flash;0x40000
APYE;eeprom;0x2000
APYJ;eeprom;0x2000
APYP;eeprom;0x2000
APZJ;eeprom;0x2000
AQ2E;eeprom;0x2000
AQ2P;eeprom;0x2000
AQ2W;eeprom;0x2000
AQ2X;eeprom;0x2000
AQ2Y;eeprom;0x2000
AQ2Z;eeprom;0x2000
AQ3D;eeprom;0x200
AQ3E;eeprom;0x200
AQ3F;eeprom;0x200
AQ3I;eeprom;0x200
AQ3J;eeprom;0x200
AQ3P;eeprom;0x200
AQ3S;eeprom;0x200
AQ4E;eeprom;0x200
AQ4P;eeprom;0x200
AQ5E;eeprom;0x200
AQ5P;eeprom;0x200
AQ6J;eeprom;0x2000
AQ7E;eeprom;0x2000
AQ7J;eeprom;0x2000
AQ7P;eeprom;0x2000
AQ8E;eeprom;0x2000
AQ8J;eeprom;0x2000
AQ8P;eeprom;0x2000
AQ9E;eeprom;0x200
AQ9J;eeprom;0x200
AQ9P;eeprom;0x200
AQ9X;eeprom;0x200
AQAE;eeprom;0x200
AQAP;eeprom;0x200
AQAX;eeprom;0x200
AQBE;eeprom;0x200
AQBJ;eeprom;0x200
AQBP;eeprom;0x200
AQCI;eeprom;0x2000
AQCJ;eeprom;0x2000
AQCK;eeprom;0x2000
AQCS;eeprom;0x2000
AQDJ;eeprom;0x10000
AQEE;eeprom;0x2000
AQEP;eeprom;0x2000
AQEX;eeprom;0x2000
AQFJ;eeprom;0x2000
AQGJ;eeprom;0x2000
AQHJ;eeprom;0x2000
AQIE;flash;0x40000
AQIJ;flash;0x40000
AQIK;flash;0x40000
AQIP;flash;0x40000
AQJE;eeprom;0x200
AQJP;eeprom;0x200
AQKJ;eeprom;0x2000
AQLE;eeprom;0x200
AQLP;eeprom;0x200
AQME;eeprom;0x200
AQMF;eeprom;0x200
AQMP;eeprom;0x200
AQNJ;eeprom;0x2000
AQOJ;eeprom;0x10000
AQPE;eeprom;0x2000
AQPP;eeprom;0x2000
AQQE;eeprom;0x2000
AQQJ;eeprom;0x2000
AQQP;eeprom;0x2000
AQRF;eeprom;0x2000
AQRP;eeprom;0x2000
AQRX;eeprom;0x2000
AQSJ;eeprom;0x2000
AQTE;eeprom;0x2000
AQUJ;eeprom;0x2000
AQVE;eeprom;0x2000
AQVP;eeprom;0x2000
AQVW;eeprom;0x2000
AQVX;eeprom;0x2000
AQVY;eeprom;0x2000
AQVZ;eeprom;0x2000
AQWE;eeprom;0x200
AQWJ;eeprom;0x2000
AQWP;eeprom;0x200
AQWX;eeprom;0x200
AQXJ;eeprom;0x10000
AQYJ;eeprom;0x2000
AQZJ;eeprom;0x2000
AR2J;flash;0x40000
AR2X;eeprom;0x10000
AR3J;eeprom;0x10000
AR4J;eeprom;0x2000
AR5E;eeprom;0x200
AR5P;eeprom;0x200
AR6E;eeprom;0x2000
AR6J;eeprom;0x2000
AR6P;eeprom;0x2000
AR7J;eeprom;0x2000
AR7K;eeprom;0x2000
AR7P;eeprom;0x2000
AR8J;eeprom;0x2000
AR9J;eeprom;0x2000
ARAE;eeprom;0x200
ARAP;eeprom;0x200
ARBE;eeprom;0x200
ARBJ;eeprom;0x200
ARBP;eeprom;0x200
ARCE;eeprom;0x2000
ARDE;eeprom;0x200
ARDP;eeprom;0x200
AREE;eeprom;0x200
AREJ;eeprom;0x200
AREP;eeprom;0x200
ARFE;eeprom;0x10000
ARFJ;eeprom;0x10000
ARFK;eeprom;0x10000
ARFP;eeprom;0x10000
ARGE;flash;0x40000
ARGJ;flash;0x40000
ARGP;flash;0x40000
ARIE;eeprom;0x200
ARIJ;eeprom;0x200
ARIP;eeprom;0x200
ARJJ;eeprom;0x10000
ARKJ;eeprom;0x2000
ARLJ;flash;0x40000
ARME;eeprom;0x2000
ARMJ;eeprom;0x2000
ARMK;eeprom;0x2000
ARMP;eeprom;0x2000
ARNE;eeprom;0x200
ARNJ;eeprom;0x200
ARNP;eeprom;0x200
AROJ;eeprom;0x10000
ARPE;eeprom;0x200
ARPP;eeprom;0x200
ARQJ;eeprom;0x10000
ARRE;eeprom;0x2000
ARSJ;eeprom;0x2000
ARTJ;eeprom;0x2000
ARUJ;eeprom;0x10000
ARVE;eeprom;0x10000
ARWJ;eeprom;0x2000
ARWK;eeprom;0x2000
ARXJ;eeprom;0x200
ARYE;eeprom;0x2000
ARYP;eeprom;0x2000
ARZE;eeprom;0x2000
ARZJ;eeprom;0x2000
ARZP;eeprom;0x2000
AS2E;eeprom;0x200
AS2J;eeprom;0x200
AS2P;eeprom;0x200
AS2X;eeprom;0x200
AS3E;eeprom;0x200
AS3P;eeprom;0x200
AS4E;eeprom;0x10000
AS4P;eeprom;0x10000
AS5E;eeprom;0x200
AS5P;eeprom;0x200
AS6J;flash;0x40000
AS7E;eeprom;0x10000
AS7J;eeprom;0x10000
AS7P;eeprom;0x10000
AS8J;eeprom;0x2000
AS9E;eeprom;0x200
AS9P;eeprom;0x200
AS9X;eeprom;0x200
ASBE;eeprom;0x2000
ASBJ;eeprom;0x2000
ASBP;eeprom;0x2000
ASCE;eeprom;0x2000
ASCJ;eeprom;0x2000
ASCP;eeprom;0x2000
ASDE;eeprom;0x200
ASDP;eeprom;0x200
ASEE;eeprom;0x2000
ASEJ;eeprom;0x2000
ASEP;eeprom;0x2000
ASFE;flash;0x40000
ASFJ;flash;0x40000
ASFP;flash;0x40000
ASGJ;flash;0x40000
ASHE;eeprom;0x2000
ASHJ;eeprom;0x2000
ASHP;eeprom;0x2000
ASIE;eeprom;0x2000
ASIJ;eeprom;0x2000
ASIP;eeprom;0x2000
ASJE;flash;0x40000
ASJJ;flash;0x40000
ASJP;flash;0x40000
ASKE;eeprom;0x2000
ASKJ;eeprom;0x2000
ASKP;eeprom;0x2000
ASLE;eeprom;0x200
ASMC;eeprom;0x2000
ASME;eeprom;0x2000
ASMJ;eeprom;0x2000
ASMK;eeprom;0x200
ASMP;eeprom;0x2000
ASNC;eeprom;0x2000
ASNE;eeprom;0x2000
ASNJ;eeprom;0x2000
ASNP;eeprom;0x2000
ASPE;eeprom;0x10000
ASPJ;eeprom;0x10000
ASPP;eeprom;0x10000
ASQE;eeprom;0x2000
ASQJ;eeprom;0x2000
ASQP;eeprom;0x2000
ASRJ;eeprom;0x10000
ASSE;eeprom;0x2000
ASSP;eeprom;0x2000
ASTE;eeprom;0x200
ASTJ;eeprom;0x200
ASTP;eeprom;0x200
ASUE;eeprom;0x10000
ASUJ;eeprom;0x10000
ASUP;eeprom;0x10000
ASVE;eeprom;0x200
ASVP;eeprom;0x200
ASWE;eeprom;0x200
ASXJ;eeprom;0x2000
ASYJ;eeprom;0x200
ASZE;eeprom;0x200
AT2J;none;0x0
AT3J;none;0x0
AT4J;none;0x0
AT5J;none;0x0
AT6J;flash;0x40000
AT7E;flash;0x40000
AT7J;flash;0x40000
AT7P;flash;0x40000
AT9J;none;0x0
ATAE;eeprom;0x200
ATAJ;eeprom;0x200
ATBJ;eeprom;0x2000
ATCE;flash;0x40000
ATCP;flash;0x40000
ATDE;eeprom;0x2000
ATDJ;eeprom;0x2000
ATDK;eeprom;0x2000
ATDP;eeprom;0x2000
ATEJ;eeprom;0x200
ATFP;eeprom;0x200
ATGJ;eeprom;0x2000
ATHE;eeprom;0x200
ATHP;eeprom;0x200
ATIE;none;0x0
ATIJ;none;0x0
ATIP;none;0x0
ATJE;eeprom;0x2000
ATJP;eeprom;0x2000
ATKE;eeprom;0x2000
ATKJ;eeprom;0x2000
ATKP;eeprom;0x2000
ATLE;eeprom;0x200
ATLP;eeprom;0x200
ATMJ;eeprom;0x2000
ATOJ;eeprom;0x2000
ATPJ;flash;0x40000
ATRE;eeprom;0x2000
ATRJ;eeprom;0x2000
ATRK;eeprom;0x2000
ATRP;eeprom;0x2000
ATTE;eeprom;0x200
ATTP;eeprom;0x200
ATUJ;eeprom;0x2000
ATVE;eeprom;0x200
ATVP;eeprom;0x200
ATWE;eeprom;0x2000
ATWJ;eeprom;0x2000
ATXE;eeprom;0x2000
ATXF;eeprom;0x2000
ATXP;eeprom;0x2000
ATZJ;none;0x0
AU2J;eeprom;0x200
AU3E;eeprom;0x2000
AU4J;eeprom;0x200
AU5E;eeprom;0x200
AU5P;eeprom;0x200
AU6E;eeprom;0x2000
AU6P;eeprom;0x2000
AU7E;eeprom;0x2000
AU7J;eeprom;0x2000
AU7P;eeprom;0x2000
AU8J;eeprom;0x2000
AU9J;eeprom;0x2000
AUAJ;flash;0x40000
AUBJ;flash;0x40000
AUCJ;flash;0x40000
AUDJ;flash;0x40000
AUEJ;flash;0x40000
AUFE;eeprom;0x2000
AUFJ;eeprom;0x2000
AUFP;eeprom;0x2000
AUGE;eeprom;0x2000
AUGP;eeprom;0x2000
AUHJ;eeprom;0x200
AUIE;eeprom;0x200
AUIP;eeprom;0x200
AUJE;eeprom;0x200
AUJP;eeprom;0x200
AUKJ;eeprom;0x200
AULE;eeprom;0x2000
AUMJ;flash;0x40000
AUNJ;eeprom;0x2000
AUOE;eeprom;0x200
AUOP;eeprom;0x200
AUPJ;eeprom;0x200
AUQJ;eeprom;0x2000
AURJ;eeprom;0x2000
AUSD;eeprom;0x200
AUSE;eeprom;0x200
AUSF;eeprom;0x200
AUSI;eeprom;0x200
AUSP;eeprom;0x200
AUSS;eeprom;0x200
AUTE;eeprom;0x200
AUTP;eeprom;0x200
AUUJ;eeprom;0x10000
AUVJ;eeprom;0x2000
AUWJ;eeprom;0x10000
AUXJ;eeprom;0x200
AUXK;eeprom;0x200
AUYJ;eeprom;0x2000
AUZE;flash;0x40000
AUZP;flash;0x40000
AV2J;eeprom;0x200
AV3J;eeprom;0x200
AV4J;eeprom;0x200
AV5J;eeprom;0x200
AV6J;eeprom;0x200
AV7J;eeprom;0x2000
AV8E;eeprom;0x200
AV8J;eeprom;0x200
AVAE;eeprom;0x2000
AVAP;eeprom;0x2000
AVBE;eeprom;0x200
AVCE;flash;0x40000
AVCJ;flash;0x40000
AVCP;flash;0x40000
AVDD;eeprom;0x2000
AVDE;eeprom;0x2000
AVDF;eeprom;0x2000
AVDI;eeprom;0x2000
AVDP;eeprom;0x2000
AVDS;eeprom;0x2000
AVEE;eeprom;0x200
AVEP;eeprom;0x200
AVFJ;eeprom;0x2000
AVGJ;eeprom;0x2000
AVHE;eeprom;0x2000
AVHP;eeprom;0x2000
AVHX;eeprom;0x2000
AVIJ;eeprom;0x200
AVIP;eeprom;0x200
AVJD;eeprom;0x2000
AVJE;eeprom;0x2000
AVJF;eeprom;0x2000
AVJI;eeprom;0x2000
AVJJ;eeprom;0x2000
AVJP;eeprom;0x2000
AVJS;eeprom;0x2000
AVKE;eeprom;0x200
AVKJ;eeprom;0x200
AVKP;eeprom;0x200
AVLJ;eeprom;0x2000
AVMJ;flash;0x80000
AVNJ;eeprom;0x2000
AVOJ;eeprom;0x10000
AVPJ;eeprom;0x2000
AVQE;eeprom;0x2000
AVQP;eeprom;0x2000
AVQX;eeprom;0x2000
AVRJ;eeprom;0x2000
AVSE;eeprom;0x2000
AVSJ;eeprom;0x2000
AVSP;eeprom;0x2000
AVTJ;eeprom;0x2000
AVUJ;eeprom;0x10000
AVVJ;eeprom;0x10000
AVWE;eeprom;0x2000
AVWP;eeprom;0x2000
AVXE;eeprom;0x200
AVXP;eeprom;0x200
AVYJ;eeprom;0x2000
AVZJ;eeprom;0x200
AW2E;eeprom;0x10000
AW2P;eeprom;0x10000
AW3E;eeprom;0x200
AW3J;eeprom;0x200
AW3P;eeprom;0x200
AW3R;eeprom;0x200
AW4E;eeprom;0x2000
AW4X;eeprom;0x2000
AW4Y;eeprom;0x2000
AW4Z;eeprom;0x2000
AW5J;eeprom;0x10000
AW6E;eeprom;0x200
AW6P;eeprom;0x200
AW7J;eeprom;0x2000
AW8E;eeprom;0x200
AW8K;eeprom;0x200
AW8P;eeprom;0x200
AW8X;eeprom;0x200
AW9J;eeprom;0x2000
AWAE;eeprom;0x2000
AWAJ;eeprom;0x2000
AWAP;eeprom;0x2000
AWBE;eeprom;0x200
AWBP;eeprom;0x200
AWCE;eeprom;0x2000
AWCJ;eeprom;0x2000
AWDE;flash;0x40000
AWDP;flash;0x40000
AWEE;flash;0x40000
AWEJ;flash;0x40000
AWEK;flash;0x40000
AWEP;flash;0x40000
AWGJ;flash;0x40000
AWHE;eeprom;0x200
AWHP;eeprom;0x200
AWIE;flash;0x40000
AWIJ;flash;0x40000
AWIK;flash;0x40000
AWIP;flash;0x40000
AWKE;eeprom;0x10000
AWKP;eeprom;0x10000
AWLE;eeprom;0x10000
AWLJ;eeprom;0x10000
AWLP;eeprom;0x10000
AWME;eeprom;0x200
AWMP;eeprom;0x200
AWNJ;eeprom;0x2000
AWOE;eeprom;0x2000
AWOP;eeprom;0x2000
AWOX;eeprom;0x2000
AWPE;eeprom;0x200
AWPP;eeprom;0x200
AWQJ;eeprom;0x200
AWQP;eeprom;0x200
AWRE;flash;0x40000
AWRJ;flash;0x40000
AWRP;flash;0x40000
AWSE;eeprom;0x2000
AWSP;eeprom;0x2000
AWTE;eeprom;0x200
AWTJ;eeprom;0x200
AWUE;eeprom;0x200
AWUP;eeprom;0x200
AWVE;eeprom;0x200
AWVJ;eeprom;0x200
AWVP;eeprom;0x200
AWWE;eeprom;0x200
AWWP;eeprom;0x200
AWXE;eeprom;0x2000
AWXP;eeprom;0x2000
AWYJ;eeprom;0x10000
AWZJ;eeprom;0x2000
AX2E;eeprom;0x200
AX2P;eeprom;0x200
AX3J;eeprom;0x200
AX4J;eeprom;0x200
AX5J;eeprom;0x200
AX6J;eeprom;0x200
AX7J;eeprom;0x10000
AX8E;eeprom;0x200
AX9J;eeprom;0x2000
AXAJ;eeprom;0x2000
AXBJ;flash;0x800000
AXCJ;eeprom;0x2000
AXDJ;eeprom;0x2000
AXEJ;eeprom;0x2000
AXFE;eeprom;0x10000
AXFJ;eeprom;0x10000
AXFP;eeprom;0x10000
AXHJ;eeprom;0x10000
AXIJ;eeprom;0x2000
AXJE;eeprom;0x10000
AXJJ;eeprom;0x10000
AXJP;eeprom;0x10000
AXKJ;eeprom;0x2000
AXLE;eeprom;0x200
AXLP;eeprom;0x200
AXNJ;eeprom;0x2000
AXOP;eeprom;0x2000
AXOX;eeprom;0x2000
AXOY;eeprom;0x2000
AXPE;flash;0x40000
AXPJ;flash;0x40000
AXPK;flash;0x40000
AXPP;flash;0x40000
AXRJ;eeprom;0x2000
AXSJ;eeprom;0x2000
AXTE;eeprom;0x200
AXTP;eeprom;0x200
AXUE;eeprom;0x200
AXUP;eeprom;0x200
AXUX;eeprom;0x200
AXVD;eeprom;0x10000
AXVE;eeprom;0x10000
AXVF;eeprom;0x10000
AXVH;eeprom;0x10000
AXVI;eeprom;0x10000
AXVJ;eeprom;0x10000
AXVP;eeprom;0x10000
AXVS;eeprom;0x10000
AXWJ;eeprom;0x2000
AXXJ;eeprom;0x2000
AXYJ;eeprom;0x200
AXZJ;eeprom;0x200
AY3J;eeprom;0x2000
AY3P;eeprom;0x2000
AY4J;eeprom;0x200
AY5E;eeprom;0x10000
AY5J;eeprom;0x10000
AY5P;eeprom;0x10000
AY6E;flash;0x40000
AY6J;flash;0x40000
AY6P;flash;0x40000
AY7E;flash;0x40000
AY7J;flash;0x40000
AY7P;flash;0x40000
AY8E;eeprom;0x200
AY9E;eeprom;0x10000
AY9J;eeprom;0x10000
AY9K;eeprom;0x10000
AY9P;eeprom;0x10000
AYAE;eeprom;0x2000
AYAJ;eeprom;0x2000
AYAK;eeprom;0x2000
AYAP;eeprom;0x2000
AYBJ;eeprom;0x2000
AYCJ;eeprom;0x10000
AYDJ;eeprom;0x2000
AYEJ;eeprom;0x2000
AYGE;eeprom;0x2000
AYGJ;eeprom;0x2000
AYGP;eeprom;0x2000
AYHJ;eeprom;0x2000
AYIC;eeprom;0x200
AYIE;eeprom;0x200
AYIJ;eeprom;0x200
AYIP;eeprom;0x200
AYJJ;flash;0x40000
AYKJ;flash;0x40000
AYLD;eeprom;0x2000
AYLE;eeprom;0x200
AYLP;eeprom;0x2000
AYLX;eeprom;0x2000
AYLY;eeprom;0x200
AYMJ;eeprom;0x10000
AYNJ;eeprom;0x10000
AYOJ;eeprom;0x10000
AYQE;eeprom;0x2000
AYQP;eeprom;0x2000
AYRP;eeprom;0x200
AYSJ;flash;0x40000
AYSP;eeprom;0x200
AYTJ;eeprom;0x10000
AYUJ;eeprom;0x2000
AYWE;eeprom;0x2000
AYWJ;eeprom;0x2000
AYWK;eeprom;0x2000
AYWP;eeprom;0x2000
AYXE;flash;0x40000
AYXJ;flash;0x40000
AYXP;flash;0x40000
AYYE;eeprom;0x2000
AYYP;eeprom;0x2000
AYZJ;eeprom;0x10000
AZ2J;eeprom;0x2000
AZ3J;eeprom;0x2000
AZ4J;eeprom;0x2000
AZ6J;flash;0x40000
AZ6P;flash;0x40000
AZ7J;eeprom;0x2000
AZ8J;eeprom;0x2000
AZ9J;eeprom;0x10000
AZAJ;eeprom;0x2000
AZBJ;eeprom;0x200
AZBP;eeprom;0x200
AZCJ;eeprom;0x200
AZDE;none;0x0
AZEE;flash;0x80000
AZEJ;flash;0x80000
AZEK;flash;0x80000
AZEP;flash;0x80000
AZGJ;eeprom;0x10000
AZHJ;eeprom;0x2000
AZIJ;eeprom;0x2000
AZIP;eeprom;0x2000
AZKE;eeprom;0x2000
AZKJ;eeprom;0x2000
AZKP;eeprom;0x2000
AZLE;flash;0x100000
AZLJ;flash;0x100000
AZLK;flash;0x100000
AZLP;flash;0x100000
AZMJ;eeprom;0x2000
AZNE;eeprom;0x2000
AZNJ;eeprom;0x2000
AZPJ;eeprom;0x2000
AZPP;eeprom;0x2000
AZQP;eeprom;0x2000
AZRJ;eeprom;0x2000
AZSJ;eeprom;0x10000
AZTE;flash;0x40000
AZTJ;flash;0x40000
AZTP;flash;0x40000
AZTX;flash;0x40000
AZTY;flash;0x40000
AZUJ;eeprom;0x2000
AZVE;eeprom;0x200
AZVJ;eeprom;0x200
AZVP;eeprom;0x200
AZWC;eeprom;0x2000
AZWE;eeprom;0x2000
AZWJ;eeprom;0x2000
AZWK;eeprom;0x2000
AZWP;eeprom;0x2000
AZXJ;eeprom;0x2000
AZYE;eeprom;0x2000
AZYF;eeprom;0x2000
AZYP;eeprom;0x2000
AZYS;eeprom;0x2000
AZZJ;flash;0x40000
B22J;eeprom;0x10000
B23J;flash;0x40000
B24P;eeprom;0x200
B24X;eeprom;0x200
B26P;eeprom;0x2000
B27P;eeprom;0x200
B28P;eeprom;0x200
B2AK;eeprom;0x10000
B2BJ;eeprom;0x2000
B2BX;eeprom;0x2000
B2DP;eeprom;0x2000
B2EE;eeprom;0x200
B2EP;eeprom;0x200
B2EX;eeprom;0x200
B2FE;eeprom;0x200
B2GD;eeprom;0x200
B2IE;eeprom;0x200
B2IP;eeprom;0x200
B2JJ;eeprom;0x10000
B2KJ;eeprom;0x10000
B2LP;eeprom;0x200
B2ME;eeprom;0x2000
B2MP;eeprom;0x2000
B2NE;eeprom;0x200
B2NJ;eeprom;0x200
B2NP;eeprom;0x200
B2OJ;flash;0x40000
B2OK;flash;0x40000
B2PJ;flash;0x40000
B2PK;flash;0x40000
B2QJ;eeprom;0x200
B2SE;eeprom;0x2000
B2SP;eeprom;0x2000
B2TF;eeprom;0x200
B2UE;eeprom;0x200
B2UP;eeprom;0x200
B2VE;eeprom;0x200
B2WJ;eeprom;0x10000
B2XE;eeprom;0x2000
B2XP;eeprom;0x2000
B2YK;eeprom;0x2000
B2ZP;eeprom;0x200
B2ZX;eeprom;0x200
B32J;eeprom;0x200
B33J;eeprom;0x2000
B34J;eeprom;0x200
B35J;flash;0x40000
B36J;eeprom;0x200
B38E;eeprom;0x200
B38P;eeprom;0x200
B39J;eeprom;0x2000
B3AP;eeprom;0x200
B3BE;eeprom;0x200
B3BP;eeprom;0x200
B3CE;eeprom;0x2000
B3CJ;eeprom;0x2000
B3CP;eeprom;0x2000
B3CX;eeprom;0x2000
B3DJ;eeprom;0x2000
B3FP;eeprom;0x200
B3GJ;eeprom;0x2000
B3HJ;eeprom;0x2000
B3IJ;eeprom;0x2000
B3JE;eeprom;0x2000
B3KE;eeprom;0x200
B3KP;eeprom;0x200
B3LJ;eeprom;0x10000
B3ME;eeprom;0x2000
B3MP;eeprom;0x2000
B3NE;eeprom;0x200
B3NP;eeprom;0x200
B3OJ;eeprom;0x10000
B3PE;eeprom;0x200
B3PP;eeprom;0x200
B3QP;eeprom;0x200
B3RE;flash;0x40000
B3RJ;flash;0x40000
B3RP;flash;0x40000
B3SJ;eeprom;0x10000
B3TJ;eeprom;0x200
B3UE;eeprom;0x2000
B3UP;eeprom;0x2000
B3VE;eeprom;0x200
B3VP;eeprom;0x200
B3WE;eeprom;0x2000
B3XE;eeprom;0x200
B3XJ;eeprom;0x200
B3YE;eeprom;0x200
B3YP;eeprom;0x200
B3ZJ;eeprom;0x200
B42J;eeprom;0x2000
B43J;eeprom;0x10000
B44J;eeprom;0x2000
B46E;eeprom;0x200
B46P;eeprom;0x200
B47E;eeprom;0x200
B47P;eeprom;0x200
B48J;eeprom;0x2000
B49P;eeprom;0x200
B4AJ;eeprom;0x10000
B4BE;eeprom;0x2000
B4BJ;eeprom;0x2000
B4BP;eeprom;0x2000
B4CJ;eeprom;0x2000
B4DE;eeprom;0x200
B4DP;eeprom;0x200
B4DX;eeprom;0x200
B4DY;eeprom;0x200
B4EE;eeprom;0x200
B4EP;eeprom;0x200
B4EX;eeprom;0x200
B4EY;eeprom;0x200
B4FJ;eeprom;0x10000
B4GJ;eeprom;0x2000
B4HE;eeprom;0x200
B4HP;eeprom;0x200
B4IJ;flash;0x40000
B4JE;eeprom;0x200
B4JP;eeprom;0x200
B4KJ;eeprom;0x2000
B4LJ;eeprom;0x2000
B4MD;eeprom;0x200
B4ME;eeprom;0x200
B4MX;eeprom;0x200
B4NJ;eeprom;0x2000
B4NK;eeprom;0x2000
B4OP;eeprom;0x200
B4QJ;eeprom;0x2000
B4RE;eeprom;0x200
B4TE;eeprom;0x2000
B4TJ;eeprom;0x2000
B4TP;eeprom;0x2000
B4UJ;eeprom;0x10000
B4VD;eeprom;0x200
B4XJ;eeprom;0x2000
B4YJ;eeprom;0x200
B4ZE;eeprom;0x2000
B4ZP;eeprom;0x2000
B52E;eeprom;0x200
B52P;eeprom;0x200
B53J;eeprom;0x10000
B54J;eeprom;0x2000
B55E;eeprom;0x200
B55P;eeprom;0x200
B56J;flash;0x40000
B57E;eeprom;0x2000
B58E;eeprom;0x200
B58L;eeprom;0x200
B58P;eeprom;0x200
B59J;eeprom;0x2000
B5AP;eeprom;0x200
B5BD;eeprom;0x2000
B5BE;eeprom;0x2000
B5BF;eeprom;0x2000
B5BL;eeprom;0x2000
B5BP;eeprom;0x2000
B5BX;eeprom;0x2000
B5CE;eeprom;0x200
B5CX;eeprom;0x200
B5DJ;eeprom;0x2000
B5EJ;eeprom;0x10000
B5FJ;flash;0x40000
B5GJ;flash;0x80000
B5HE;eeprom;0x200
B5JE;eeprom;0x200
B5JK;none;0x0
B5JP;eeprom;0x200
B5KJ;eeprom;0x2000
B5KK;none;0x0
B5LH;eeprom;0x200
B5ME;eeprom;0x200
B5NE;eeprom;0x200
B5NP;eeprom;0x200
B5OE;eeprom;0x200
B5PJ;eeprom;0x200
B5QD;eeprom;0x2000
B5RE;eeprom;0x200
B5RP;eeprom;0x200
B5TE;eeprom;0x200
B5UE;eeprom;0x2000
B5VE;eeprom;0x200
B5WN;eeprom;0x200
B5WQ;eeprom;0x200
B5XP;eeprom;0x10000
B5YP;eeprom;0x200
B5ZE;eeprom;0x200
B5ZP;eeprom;0x200
B62J;flash;0x40000
B63P;eeprom;0x2000
B64D;eeprom;0x200
B65D;eeprom;0x200
B66E;eeprom;0x200
B66P;eeprom;0x200
B67H;eeprom;0x2000
B68P;eeprom;0x200
B69P;eeprom;0x200
B6AE;eeprom;0x200
B6BE;eeprom;0x200
B6BP;eeprom;0x200
B6BZ;eeprom;0x200
B6CE;eeprom;0x2000
B6EE;eeprom;0x200
B6EP;eeprom;0x200
B6FE;eeprom;0x200
B6FL;eeprom;0x200
B6FP;eeprom;0x200
B6FX;eeprom;0x200
B6FY;eeprom;0x200
B6GE;eeprom;0x200
B6GP;eeprom;0x200
B6GX;eeprom;0x200
B6HI;eeprom;0x200
B6IE;eeprom;0x2000
B6IP;eeprom;0x2000
B6IX;eeprom;0x2000
B6JE;eeprom;0x200
B6JP;eeprom;0x200
B6JZ;eeprom;0x200
B6KP;eeprom;0x10000
B6LE;eeprom;0x2000
B6LU;eeprom;0x2000
B6NP;eeprom;0x200
B6OE;eeprom;0x200
B6OP;eeprom;0x200
B6OX;eeprom;0x200
B6PM;eeprom;0x200
B6PN;eeprom;0x200
B6PQ;eeprom;0x200
B6QP;eeprom;0x200
B6QY;eeprom;0x200
B6QZ;eeprom;0x200
B6RE;eeprom;0x2000
B6RP;eeprom;0x2000
B6RX;eeprom;0x2000
B6RZ;eeprom;0x2000
B6SE;eeprom;0x200
B6SP;eeprom;0x200
B6TE;eeprom;0x2000
B6TP;eeprom;0x200
B6TX;eeprom;0x200
B6UD;eeprom;0x200
B6VE;eeprom;0x200
B6WE;eeprom;0x2000
B6XJ;eeprom;0x10000
B6YD;eeprom;0x2000
B6ZE;eeprom;0x10000
B6ZJ;eeprom;0x10000
B6ZP;eeprom;0x10000
B72J;eeprom;0x200
B74J;eeprom;0x2000
B75J;eeprom;0x2000
B76E;eeprom;0x200
B76P;eeprom;0x200
B77F;eeprom;0x200
B78F;eeprom;0x200
B79P;eeprom;0x200
B7AP;eeprom;0x200
B7CP;eeprom;0x2000
B7EE;eeprom;0x200
B7FE;eeprom;0x200
B7GP;eeprom;0x200
B7HE;eeprom;0x2000
B7HP;eeprom;0x2000
B7IE;eeprom;0x200
B7IP;eeprom;0x200
B7JP;eeprom;0x200
B7KJ;eeprom;0x2000
B7LE;eeprom;0x200
B7LP;eeprom;0x200
B7ME;eeprom;0x200
B7NE;eeprom;0x10000
B7NP;eeprom;0x10000
B7PJ;eeprom;0x10000
B7QJ;flash;0x40000
B7VE;eeprom;0x200
B7VF;eeprom;0x200
B7WD;eeprom;0x2000
B7WE;eeprom;0x2000
B7WP;eeprom;0x2000
B7WX;eeprom;0x2000
B7XJ;eeprom;0x10000
B7YE;eeprom;0x2000
B7ZE;eeprom;0x200
B7ZP;eeprom;0x200
B7ZX;eeprom;0x200
B82P;eeprom;0x200
B83E;eeprom;0x200
B83P;eeprom;0x200
B84E;eeprom;0x200
B85D;eeprom;0x200
B86E;eeprom;0x200
B86P;eeprom;0x200
B89J;flash;0x40000
B8AP;eeprom;0x200
B8BP;eeprom;0x2000
B8HD;eeprom;0x2000
B8HE;eeprom;0x2000
B8HF;eeprom;0x2000
B8HP;eeprom;0x2000
B8HX;eeprom;0x2000
B8IE;eeprom;0x200
B8IP;eeprom;0x200
B8JJ;flash;0x40000
B8KD;eeprom;0x2000
B8KE;eeprom;0x2000
B8KP;eeprom;0x2000
B8KX;eeprom;0x2000
B8MJ;flash;0x40000
B8NP;eeprom;0x200
B8OE;eeprom;0x200
B8PJ;eeprom;0x10000
B8QE;eeprom;0x200
B8QP;eeprom;0x200
B8RJ;eeprom;0x2000
B8SE;eeprom;0x2000
B8TJ;eeprom;0x200
B8UP;eeprom;0x200
B8VJ;eeprom;0x10000
B8YP;eeprom;0x200
B8ZP;eeprom;0x200
BA2E;eeprom;0x2000
BA3E;eeprom;0x200
BA3P;eeprom;0x200
BA4J;eeprom;0x2000
BA5P;eeprom;0x200
BA6D;eeprom;0x2000
BA7J;eeprom;0x2000
BA8E;eeprom;0x200
BA9J;eeprom;0x2000
BABP;eeprom;0x2000
BAGE;eeprom;0x200
BAGP;eeprom;0x200
BAGX;eeprom;0x200
BAHE;eeprom;0x200
BAJE;eeprom;0x200
BALJ;eeprom;0x10000
BAME;eeprom;0x2000
BAMP;eeprom;0x2000
BANP;eeprom;0x2000
BAOD;eeprom;0x200
BAOE;eeprom;0x200
BAOP;eeprom;0x200
BAOX;eeprom;0x200
BAPJ;eeprom;0x200
BAQS;eeprom;0x2000
BARJ;flash;0x40000
BATE;eeprom;0x2000
BATP;eeprom;0x2000
BAVE;eeprom;0x200
BAVP;eeprom;0x200
BAVX;eeprom;0x200
BAWP;eeprom;0x200
BAXP;eeprom;0x200
BAZF;eeprom;0x200
BB2E;eeprom;0x2000
BB2P;eeprom;0x2000
BB3E;eeprom;0x200
BB3P;eeprom;0x200
BB3X;eeprom;0x200
BB3Y;eeprom;0x200
BB4J;eeprom;0x2000
BB5P;eeprom;0x200
BB7E;eeprom;0x2000
BB7P;eeprom;0x2000
BB7X;eeprom;0x2000
BB7Y;eeprom;0x2000
BB8E;eeprom;0x2000
BB9E;eeprom;0x200
BB9P;eeprom;0x200
BBAE;eeprom;0x2000
BBBD;eeprom;0x200
BBDJ;eeprom;0x10000
BBED;eeprom;0x200
BBFD;eeprom;0x200
BBJJ;eeprom;0x10000
BBKE;eeprom;0x2000
BBKP;eeprom;0x2000
BBKZ;eeprom;0x2000
BBLE;eeprom;0x200
BBLP;eeprom;0x200
BBME;eeprom;0x200
BBMP;eeprom;0x200
BBND;eeprom;0x2000
BBNF;eeprom;0x2000
BBNH;eeprom;0x2000
BBOJ;eeprom;0x200
BBPF;eeprom;0x200
BBQE;eeprom;0x200
BBQP;eeprom;0x200
BBSE;eeprom;0x200
BBUE;eeprom;0x10000
BBUJ;eeprom;0x10000
BBUK;eeprom;0x10000
BBUP;eeprom;0x10000
BBUX;eeprom;0x10000
BBUY;eeprom;0x10000
BBUZ;eeprom;0x10000
BBVE;eeprom;0x200
BBVP;eeprom;0x200
BBWD;eeprom;0x2000
BBXE;eeprom;0x200
BBXP;eeprom;0x200
BBYE;eeprom;0x200
BBYP;eeprom;0x200
BBZE;eeprom;0x200
BC3P;eeprom;0x200
BC4J;eeprom;0x2000
BC5P;eeprom;0x2000
BC6J;eeprom;0x200
BC7E;eeprom;0x200
BC8E;eeprom;0x200
BC9E;eeprom;0x200
BC9P;eeprom;0x200
BCAP;eeprom;0x2000
BCCP;eeprom;0x2000
BCDJ;eeprom;0x2000
BCDK;eeprom;0x2000
BCEP;eeprom;0x2000
BCEU;eeprom;0x2000
BCFP;eeprom;0x2000
BCGE;eeprom;0x2000
BCGJ;eeprom;0x2000
BCGP;eeprom;0x2000
BCGX;eeprom;0x2000
BCHE;eeprom;0x200
BCHP;eeprom;0x200
BCIE;eeprom;0x2000
BCIP;eeprom;0x2000
BCJK;eeprom;0x10000
BCKJ;eeprom;0x2000
BCLE;eeprom;0x2000
BCLJ;eeprom;0x2000
BCME;eeprom;0x200
BCMP;eeprom;0x200
BCNJ;flash;0x40000
BCOP;eeprom;0x200
BCPE;eeprom;0x2000
BCPP;eeprom;0x2000
BCPX;eeprom;0x2000
BCQE;eeprom;0x200
BCQP;eeprom;0x200
BCSE;eeprom;0x2000
BCSJ;eeprom;0x2000
BCSP;eeprom;0x2000
BCSX;eeprom;0x2000
BCUE;eeprom;0x200
BCWI;eeprom;0x200
BCXJ;flash;0x40000
BCYF;eeprom;0x200
BCZP;eeprom;0x2000
BD2E;eeprom;0x2000
BD2J;eeprom;0x2000
BD2P;eeprom;0x2000
BD3E;eeprom;0x200
BD3P;eeprom;0x200
BD5D;eeprom;0x2000
BD7E;eeprom;0x200
BD8X;eeprom;0x200
BD9P;eeprom;0x2000
BDAE;eeprom;0x200
BDAP;eeprom;0x200
BDBE;eeprom;0x2000
BDBJ;eeprom;0x2000
BDBP;eeprom;0x2000
BDCE;eeprom;0x200
BDDP;eeprom;0x200
BDEE;eeprom;0x2000
BDEJ;eeprom;0x2000
BDEP;eeprom;0x2000
BDFP;eeprom;0x200
BDGJ;eeprom;0x2000
BDHP;eeprom;0x2000
BDID;eeprom;0x200
BDIE;eeprom;0x200
BDIP;eeprom;0x200
BDIX;eeprom;0x200
BDJE;eeprom;0x200
BDKJ;eeprom;0x10000
BDLE;eeprom;0x200
BDME;eeprom;0x2000
BDMP;eeprom;0x2000
BDNJ;eeprom;0x10000
BDOX;eeprom;0x200
BDPE;eeprom;0x200
BDPL;eeprom;0x200
BDPP;eeprom;0x200
BDPX;eeprom;0x200
BDPY;eeprom;0x200
BDRE;flash;0x40000
BDRP;flash;0x40000
BDTD;eeprom;0x200
BDUE;eeprom;0x200
BDUP;eeprom;0x200
BDVE;eeprom;0x200
BDVP;eeprom;0x200
BDWE;eeprom;0x200
BDWP;eeprom;0x200
BDXJ;eeprom;0x200
BDYD;eeprom;0x2000
BDYE;eeprom;0x2000
BDYF;eeprom;0x2000
BDYP;eeprom;0x2000
BDYX;eeprom;0x2000
BDYY;eeprom;0x2000
BDZE;eeprom;0x10000
BDZP;eeprom;0x10000
BE2E;eeprom;0x10000
BE3D;eeprom;0x200
BE3P;eeprom;0x200
BE3X;eeprom;0x200
BE5J;eeprom;0x2000
BE6E;eeprom;0x2000
BE6P;eeprom;0x2000
BE7E;eeprom;0x2000
BE7P;eeprom;0x2000
BE8J;eeprom;0x10000
BE9E;eeprom;0x2000
BE9P;eeprom;0x2000
BEBD;eeprom;0x10000
BEBF;eeprom;0x10000
BEBI;eeprom;0x10000
BEBJ;eeprom;0x10000
BEBP;eeprom;0x10000
BEBS;eeprom;0x10000
BECD;eeprom;0x10000
BECX;eeprom;0x10000
BEED;eeprom;0x10000
BEEF;eeprom;0x10000
BEEI;eeprom;0x10000
BEEJ;eeprom;0x10000
BEEP;eeprom;0x10000
BEES;eeprom;0x10000
BEFE;eeprom;0x200
BEFP;eeprom;0x200
BEGE;eeprom;0x200
BEGP;eeprom;0x200
BEGX;eeprom;0x200
BEHE;eeprom;0x2000
BEHP;eeprom;0x2000
BEIP;eeprom;0x200
BEJD;eeprom;0x200
BEKJ;eeprom;0x10000
BELJ;eeprom;0x2000
BELK;eeprom;0x2000
BENP;eeprom;0x200
BEPE;eeprom;0x2000
BEPP;eeprom;0x2000
BEQJ;eeprom;0x2000
BERE;eeprom;0x200
BERU;eeprom;0x200
BESE;eeprom;0x200
BETJ;flash;0x40000
BEUJ;eeprom;0x10000
BEVJ;eeprom;0x10000
BEWE;eeprom;0x2000
BEWP;eeprom;0x2000
BEXE;eeprom;0x200
BEYE;eeprom;0x200
BEYP;eeprom;0x200
BEZJ;eeprom;0x10000
BF2J;flash;0x40000
BF3J;eeprom;0x10000
BF4J;eeprom;0x2000
BF5P;eeprom;0x2000
BF6P;eeprom;0x200
BF7P;eeprom;0x200
BF8P;eeprom;0x200
BF9P;eeprom;0x200
BFAE;eeprom;0x10000
BFAK;eeprom;0x10000
BFAP;eeprom;0x10000
BFBE;eeprom;0x2000
BFBP;eeprom;0x2000
BFCE;eeprom;0x200
BFCP;eeprom;0x200
BFCX;eeprom;0x200
BFDE;eeprom;0x200
BFDX;eeprom;0x200
BFDY;eeprom;0x200
BFEN;eeprom;0x200
BFEQ;eeprom;0x200
BFFD;eeprom;0x2000
BFGE;eeprom;0x10000
BFJE;eeprom;0x2000
BFKX;eeprom;0x200
BFLE;eeprom;0x2000
BFLP;eeprom;0x2000
BFME;eeprom;0x2000
BFMP;eeprom;0x2000
BFNP;eeprom;0x200
BFOD;eeprom;0x200
BFPJ;eeprom;0x2000
BFQP;eeprom;0x200
BFRD;eeprom;0x2000
BFSX;eeprom;0x200
BFTP;eeprom;0x200
BFUE;eeprom;0x200
BFVP;eeprom;0x200
BFWD;eeprom;0x200
BFXE;eeprom;0x2000
BFXJ;eeprom;0x2000
BFXP;eeprom;0x2000
BFYF;eeprom;0x200
BFZE;eeprom;0x200
BFZP;eeprom;0x200
BG2J;flash;0x40000
BG3J;eeprom;0x2000
BG4J;eeprom;0x2000
BG5J;eeprom;0x2000
BG6E;eeprom;0x2000
BG7E;eeprom;0x200
BG8J;eeprom;0x10000
BG9J;flash;0x40000
BGBP;eeprom;0x2000
BGCP;eeprom;0x200
BGEE;eeprom;0x200
BGEP;eeprom;0x200
BGGE;flash;0x40000
BGGP;flash;0x40000
BGHE;eeprom;0x200
BGHP;eeprom;0x200
BGIE;eeprom;0x200
BGIP;eeprom;0x200
BGJD;eeprom;0x2000
BGJP;eeprom;0x2000
BGKP;eeprom;0x200
BGLE;eeprom;0x200
BGLP;eeprom;0x200
BGME;eeprom;0x10000
BGMP;eeprom;0x10000
BGOP;eeprom;0x2000
BGPP;eeprom;0x2000
BGQE;eeprom;0x2000
BGQP;eeprom;0x2000
BGRJ;eeprom;0x2000
BGTE;eeprom;0x2000
BGTJ;eeprom;0x2000
BGTP;eeprom;0x2000
BGUJ;eeprom;0x10000
BGVJ;eeprom;0x2000
BGWJ;eeprom;0x2000
BGXP;eeprom;0x2000
BGYP;eeprom;0x200
BGZE;eeprom;0x2000
BGZP;eeprom;0x2000
BH2E;eeprom;0x10000
BH2J;eeprom;0x10000
BH2P;eeprom;0x10000
BH2X;eeprom;0x10000
BH3P;eeprom;0x2000
BH4E;eeprom;0x200
BH6J;eeprom;0x2000
BH7E;eeprom;0x200
BH8E;eeprom;0x200
BH9J;eeprom;0x2000
BHBE;eeprom;0x200
BHBP;eeprom;0x200
BHCD;eeprom;0x200
BHCH;eeprom;0x200
BHDD;eeprom;0x200
BHDE;eeprom;0x200
BHDP;eeprom;0x200
BHDX;eeprom;0x200
BHED;eeprom;0x2000
BHFJ;eeprom;0x10000
BHGE;eeprom;0x200
BHGP;eeprom;0x200
BHHE;eeprom;0x200
BHHP;eeprom;0x200
BHIE;eeprom;0x2000
BHIP;eeprom;0x2000
BHJE;eeprom;0x200
BHJP;eeprom;0x200
BHKJ;eeprom;0x2000
BHLD;eeprom;0x2000
BHLF;eeprom;0x2000
BHLH;eeprom;0x2000
BHMX;eeprom;0x200
BHMZ;eeprom;0x200
BHNJ;eeprom;0x2000
BHOE;eeprom;0x200
BHOP;eeprom;0x200
BHQJ;eeprom;0x2000
BHRD;eeprom;0x200
BHRE;eeprom;0x200
BHRX;eeprom;0x200
BHRY;eeprom;0x200
BHUP;eeprom;0x200
BHVE;eeprom;0x200
BHVP;eeprom;0x200
BHWE;eeprom;0x200
BHXJ;eeprom;0x2000
BHYD;eeprom;0x200
BHYE;eeprom;0x200
BHYP;eeprom;0x200
BHYX;eeprom;0x200
BHZE;eeprom;0x10000
BHZP;eeprom;0x10000
BIBE;eeprom;0x10000
BIBP;eeprom;0x10000
BIBX;eeprom;0x10000
BIDJ;eeprom;0x10000
BIGE;eeprom;0x200
BIGP;eeprom;0x200
BIHE;eeprom;0x2000
BIIE;eeprom;0x200
BIIX;eeprom;0x200
BIKJ;flash;0x40000
BILD;eeprom;0x200
BIMJ;flash;0x40000
BINE;eeprom;0x200
BIOE;eeprom;0x200
BIOP;eeprom;0x200
BIPJ;eeprom;0x2000
BIRE;eeprom;0x200
BIRP;eeprom;0x200
BITJ;flash;0x40000
BIUE;eeprom;0x200
BIVE;eeprom;0x200
BIVJ;eeprom;0x200
BIVP;eeprom;0x200
BIWE;eeprom;0x2000
BIWP;eeprom;0x2000
BIWX;eeprom;0x2000
BIYJ;flash;0x40000
BIZH;eeprom;0x200
BJ2E;eeprom;0x200
BJ2P;eeprom;0x200
BJ3E;flash;0x40000
BJ3J;flash;0x40000
BJ4E;eeprom;0x200
BJ4P;eeprom;0x200
BJ5P;eeprom;0x200
BJ5X;eeprom;0x200
BJ5Y;eeprom;0x200
BJ7E;eeprom;0x200
BJ7P;eeprom;0x200
BJ7X;eeprom;0x200
BJ8P;eeprom;0x2000
BJ9J;eeprom;0x2000
BJAD;eeprom;0x10000
BJAE;eeprom;0x2000
BJBD;eeprom;0x200
BJBE;eeprom;0x200
BJBF;eeprom;0x200
BJBP;eeprom;0x200
BJBX;eeprom;0x200
BJCD;eeprom;0x2000
BJCE;eeprom;0x2000
BJCF;eeprom;0x2000
BJCI;eeprom;0x2000
BJCP;eeprom;0x2000
BJCS;eeprom;0x2000
BJCZ;eeprom;0x2000
BJDE;eeprom;0x2000
BJEJ;eeprom;0x10000
BJFX;eeprom;0x10000
BJHF;eeprom;0x200
BJHP;eeprom;0x200
BJHX;eeprom;0x200
BJHY;eeprom;0x200
BJJE;eeprom;0x200
BJKJ;eeprom;0x2000
BJLE;eeprom;0x2000
BJME;eeprom;0x2000
BJMJ;eeprom;0x200
BJNP;eeprom;0x200
BJOE;eeprom;0x200
BJOP;eeprom;0x200
BJPJ;eeprom;0x2000
BJRE;eeprom;0x200
BJRP;eeprom;0x200
BJRX;eeprom;0x200
BJSE;eeprom;0x10000
BJSP;eeprom;0x10000
BJUJ;eeprom;0x10000
BJYD;eeprom;0x200
BJYP;eeprom;0x200
BJYX;eeprom;0x200
BK3J;eeprom;0x10000
BK4J;eeprom;0x2000
BK5J;flash;0x80000
BK6J;eeprom;0x2000
BK9E;eeprom;0x10000
BK9J;eeprom;0x10000
BK9P;eeprom;0x10000
BKAJ;eeprom;0x10000
BKBD;eeprom;0x200
BKCE;flash;0x80000
BKDX;eeprom;0x200
BKEE;eeprom;0x2000
BKEP;eeprom;0x2000
BKFD;eeprom;0x2000
BKGD;eeprom;0x2000
BKHJ;eeprom;0x10000
BKIE;flash;0x100000
BKIJ;flash;0x100000
BKIP;flash;0x100000
BKJJ;eeprom;0x2000
BKKJ;eeprom;0x10000
BKLJ;eeprom;0x2000
BKMJ;eeprom;0x2000
BKOE;eeprom;0x10000
BKOP;eeprom;0x10000
BKPJ;eeprom;0x2000
BKQE;eeprom;0x200
BKQK;eeprom;0x200
BKRE;eeprom;0x200
BKRP;eeprom;0x200
BKSJ;eeprom;0x2000
BKTJ;eeprom;0x2000
BKUE;flash;0x40000
BKUJ;flash;0x40000
BKUP;flash;0x40000
BKVX;eeprom;0x200
BKWE;eeprom;0x2000
BKWP;eeprom;0x2000
BKXJ;eeprom;0x10000
BKYE;eeprom;0x2000
BKYP;eeprom;0x2000
BL2F;eeprom;0x200
BL3J;eeprom;0x2000
BL4J;eeprom;0x2000
BL5D;eeprom;0x2000
BL6D;eeprom;0x2000
BL7M;eeprom;0x200
BL7N;eeprom;0x200
BL7Q;eeprom;0x200
BL7X;eeprom;0x200
BL9E;eeprom;0x200
BL9P;eeprom;0x200
BLAE;eeprom;0x2000
BLBE;eeprom;0x2000
BLBP;eeprom;0x2000
BLCE;eeprom;0x2000
BLCP;eeprom;0x2000
BLDE;eeprom;0x2000
BLDP;eeprom;0x2000
BLEJ;eeprom;0x10000
BLFD;eeprom;0x10000
BLFE;eeprom;0x10000
BLFF;eeprom;0x10000
BLFH;eeprom;0x10000
BLFI;eeprom;0x10000
BLFJ;eeprom;0x10000
BLFP;eeprom;0x10000
BLFS;eeprom;0x10000
BLGE;eeprom;0x200
BLHE;eeprom;0x200
BLHP;eeprom;0x200
BLIJ;eeprom;0x10000
BLJE;eeprom;0x200
BLJP;eeprom;0x200
BLKD;eeprom;0x200
BLKX;eeprom;0x200
BLLE;eeprom;0x10000
BLMP;eeprom;0x200
BLMX;eeprom;0x200
BLOP;eeprom;0x200
BLPE;eeprom;0x2000
BLPP;eeprom;0x2000
BLQX;eeprom;0x200
BLRE;eeprom;0x200
BLRP;eeprom;0x200
BLSE;eeprom;0x200
BLSP;eeprom;0x200
BLTE;eeprom;0x200
BLUJ;eeprom;0x10000
BLVD;eeprom;0x200
BLWD;eeprom;0x200
BLXN;none;0x0
BLXQ;none;0x0
BLYN;none;0x0
BLYQ;none;0x0
BLZP;eeprom;0x200
BM2J;eeprom;0x10000
BM3J;eeprom;0x10000
BM4P;eeprom;0x2000
BM5P;eeprom;0x200
BM7J;eeprom;0x10000
BM8E;eeprom;0x200
BM8P;eeprom;0x200
BM9J;eeprom;0x10000
BMAP;eeprom;0x200
BMBP;eeprom;0x200
BMCP;eeprom;0x200
BMDE;eeprom;0x200
BMDP;eeprom;0x200
BMEJ;eeprom;0x10000
BMFP;eeprom;0x2000
BMGE;eeprom;0x200
BMGP;eeprom;0x200
BMHE;eeprom;0x200
BMHP;eeprom;0x200
BMJE;eeprom;0x200
BMKE;eeprom;0x200
BMLE;eeprom;0x200
BMME;eeprom;0x200
BMND;eeprom;0x200
BMOJ;flash;0x40000
BMPJ;eeprom;0x10000
BMQP;eeprom;0x200
BMRX;eeprom;0x200
BMTE;eeprom;0x10000
BMTJ;eeprom;0x10000
BMUE;eeprom;0x200
BMUK;eeprom;0x200
BMUP;eeprom;0x200
BMUX;eeprom;0x200
BMUY;eeprom;0x200
BMVE;eeprom;0x200
BMVP;eeprom;0x200
BMVX;eeprom;0x200
BMWP;eeprom;0x2000
BMWX;eeprom;0x2000
BMWY;eeprom;0x2000
BMWZ;eeprom;0x2000
BMXE;eeprom;0x200
BMXP;eeprom;0x200
BMYD;eeprom;0x2000
BMYE;eeprom;0x2000
BMZP;eeprom;0x2000
BN2F;eeprom;0x2000
BN3F;eeprom;0x2000
BN4F;eeprom;0x2000
BN5F;eeprom;0x2000
BN6F;eeprom;0x2000
BN7N;eeprom;0x200
BN8E;eeprom;0x200
BNAE;eeprom;0x200
BNAP;eeprom;0x200
BNBJ;eeprom;0x10000
BNCJ;eeprom;0x2000
BNDE;eeprom;0x200
BNDP;eeprom;0x200
BNED;eeprom;0x200
BNEH;eeprom;0x200
BNFH;eeprom;0x200
BNGJ;flash;0x40000
BNHJ;eeprom;0x2000
BNIP;eeprom;0x200
BNJP;eeprom;0x200
BNKJ;eeprom;0x10000
BNLE;eeprom;0x200
BNME;eeprom;0x200
BNMP;eeprom;0x200
BNMX;eeprom;0x200
BNNE;eeprom;0x2000
BNNJ;eeprom;0x2000
BNNP;eeprom;0x2000
BNOE;eeprom;0x200
BNOP;eeprom;0x200
BNPP;eeprom;0x200
BNQE;eeprom;0x200
BNQP;eeprom;0x200
BNRE;eeprom;0x10000
BNRP;eeprom;0x10000
BNSE;eeprom;0x200
BNUP;eeprom;0x200
BNUX;eeprom;0x200
BNVP;eeprom;0x200
BNWP;eeprom;0x200
BNXE;eeprom;0x2000
BNXJ;eeprom;0x2000
BNXK;eeprom;0x2000
BNYE;eeprom;0x200
BNYP;eeprom;0x200
BNYX;eeprom;0x200
BNYY;eeprom;0x200
BNZP;eeprom;0x200
BO2J;eeprom;0x2000
BO4J;eeprom;0x10000
BO5E;flash;0x40000
BO5J;flash;0x40000
BO5P;flash;0x40000
BO6J;eeprom;0x2000
BO7J;flash;0x40000
BO8D;eeprom;0x200
BO8E;eeprom;0x200
BO8P;eeprom;0x200
BO9J;eeprom;0x10000
BOAP;eeprom;0x200
BOBJ;eeprom;0x200
BOCJ;eeprom;0x10000
BOEJ;eeprom;0x10000
BOHJ;eeprom;0x10000
BOIP;eeprom;0x2000
BOJD;eeprom;0x2000
BOJF;eeprom;0x2000
BOJJ;eeprom;0x2000
BOJP;eeprom;0x2000
BOKJ;eeprom;0x2000
BOLJ;eeprom;0x10000
BONJ;eeprom;0x10000
BOOE;eeprom;0x2000
BOOJ;eeprom;0x2000
BOOP;eeprom;0x2000
BOPF;eeprom;0x200
BOQJ;flash;0x40000
BORJ;eeprom;0x10000
BOSJ;eeprom;0x10000
BOTJ;flash;0x40000
BOUE;eeprom;0x200
BOUP;eeprom;0x200
BOWK;eeprom;0x2000
BOXJ;flash;0x40000
BOYJ;eeprom;0x2000
BOZE;eeprom;0x200
BOZP;eeprom;0x200
BP2E;eeprom;0x200
BP2P;eeprom;0x200
BP3I;eeprom;0x2000
BP4F;eeprom;0x2000
BP5S;eeprom;0x2000
BP6E;eeprom;0x200
BP7M;eeprom;0x200
BP7N;eeprom;0x200
BP7Q;eeprom;0x200
BP7X;eeprom;0x200
BP8M;eeprom;0x200
BP8N;eeprom;0x200
BP8Q;eeprom;0x200
BP9E;eeprom;0x2000
BP9P;eeprom;0x2000
BPAE;eeprom;0x2000
BPAP;eeprom;0x2000
BPBF;eeprom;0x200
BPDE;eeprom;0x2000
BPDP;eeprom;0x2000
BPFE;eeprom;0x2000
BPFP;eeprom;0x2000
BPFX;eeprom;0x2000
BPFY;eeprom;0x2000
BPHJ;flash;0x40000
BPIP;eeprom;0x2000
BPJP;eeprom;0x200
BPLP;eeprom;0x200
BPME;eeprom;0x200
BPMP;eeprom;0x200
BPNE;eeprom;0x200
BPNP;eeprom;0x2000
BPOJ;eeprom;0x10000
BPPJ;flash;0x40000
BPQE;eeprom;0x200
BPQP;eeprom;0x200
BPRE;eeprom;0x200
BPRP;eeprom;0x200
BPRX;eeprom;0x200
BPSP;eeprom;0x2000
BPUJ;flash;0x40000
BPVD;eeprom;0x2000
BPVE;eeprom;0x2000
BPVP;eeprom;0x2000
BPWE;eeprom;0x200
BPWP;eeprom;0x200
BPXH;eeprom;0x2000
BPXQ;eeprom;0x10000
BPYE;eeprom;0x200
BPYP;eeprom;0x200
BPZE;eeprom;0x200
BPZP;eeprom;0x200
BQ2J;eeprom;0x10000
BQ3J;eeprom;0x2000
BQ4J;eeprom;0x2000
BQ5X;eeprom;0x200
BQ5Y;eeprom;0x200
BQ6J;eeprom;0x10000
BQ7Q;eeprom;0x200
BQ8E;eeprom;0x2000
BQ8J;eeprom;0x2000
BQ9J;eeprom;0x2000
BQAJ;flash;0x40000
BQBJ;eeprom;0x2000
BQBK;eeprom;0x2000
BQDJ;eeprom;0x2000
BQEH;eeprom;0x2000
BQFJ;eeprom;0x2000
BQGE;eeprom;0x200
BQHD;eeprom;0x2000
BQIJ;eeprom;0x2000
BQJJ;eeprom;0x10000
BQKE;eeprom;0x200
BQKP;eeprom;0x200
BQLE;eeprom;0x10000
BQMJ;eeprom;0x200
BQNE;eeprom;0x200
BQNP;eeprom;0x200
BQPJ;eeprom;0x2000
BQPK;eeprom;0x2000
BQQD;eeprom;0x2000
BQRJ;eeprom;0x2000
BQSJ;eeprom;0x10000
BQTE;eeprom;0x10000
BQTP;eeprom;0x10000
BQUJ;eeprom;0x2000
BQVJ;eeprom;0x10000
BQWJ;eeprom;0x10000
BQYE;eeprom;0x200
BQZD;eeprom;0x2000
BR2E;eeprom;0x200
BR3J;eeprom;0x2000
BR4P;eeprom;0x10000
BR5P;eeprom;0x2000
BR6E;eeprom;0x2000
BR6P;eeprom;0x2000
BR7E;eeprom;0x2000
BR7P;eeprom;0x2000
BR8J;eeprom;0x200
BR9P;eeprom;0x2000
BRAJ;eeprom;0x2000
BRCP;eeprom;0x10000
BRFE;eeprom;0x10000
BRFJ;eeprom;0x10000
BRFP;eeprom;0x10000
BRGJ;eeprom;0x2000
BRHJ;eeprom;0x2000
BRIJ;eeprom;0x200
BRJE;eeprom;0x10000
BRJJ;eeprom;0x10000
BRKH;eeprom;0x2000
BRLE;eeprom;0x200
BRLP;eeprom;0x200
BRLX;eeprom;0x200
BRME;eeprom;0x2000
BRMJ;eeprom;0x2000
BRMP;eeprom;0x2000
BROJ;eeprom;0x10000
BRPE;eeprom;0x10000
BRPJ;eeprom;0x10000
BRPP;eeprom;0x2000
BRQE;eeprom;0x200
BRQJ;flash;0x40000
BRQP;eeprom;0x200
BRRJ;eeprom;0x10000
BRUE;eeprom;0x200
BRVE;eeprom;0x2000
BRWJ;flash;0x40000
BRXE;eeprom;0x2000
BRXP;eeprom;0x2000
BRYJ;eeprom;0x2000
BRZE;eeprom;0x10000
BRZJ;eeprom;0x10000
BRZK;eeprom;0x10000
BRZP;eeprom;0x10000
BRZW;eeprom;0x10000
BRZX;eeprom;0x10000
BRZY;eeprom;0x10000
BRZZ;eeprom;0x10000
BS2E;flash;0x40000
BS3E;eeprom;0x200
BS4E;eeprom;0x200
BS5D;eeprom;0x200
BS5E;eeprom;0x200
BS6E;eeprom;0x200
BS6P;eeprom;0x200
BS7J;eeprom;0x200
BS8E;eeprom;0x2000
BS8P;eeprom;0x2000
BS9F;eeprom;0x200
BSAJ;eeprom;0x10000
BSBX;eeprom;0x10000
BSCD;eeprom;0x2000
BSDE;eeprom;0x2000
BSDJ;eeprom;0x2000
BSED;eeprom;0x200
BSFP;eeprom;0x200
BSHE;eeprom;0x200
BSHP;eeprom;0x200
BSIE;eeprom;0x200
BSIP;eeprom;0x200
BSJE;eeprom;0x200
BSJP;eeprom;0x200
BSKE;eeprom;0x10000
BSKJ;eeprom;0x10000
BSLE;eeprom;0x10000
BSLJ;eeprom;0x10000
BSLP;eeprom;0x10000
BSLX;eeprom;0x10000
BSME;eeprom;0x2000
BSMP;eeprom;0x2000
BSNE;eeprom;0x200
BSNP;eeprom;0x200
BSOE;eeprom;0x200
BSOP;eeprom;0x200
BSOS;eeprom;0x200
BSPD;eeprom;0x2000
BSPE;eeprom;0x2000
BSRE;eeprom;0x200
BSRU;eeprom;0x200
BSSD;eeprom;0x2000
BSSE;eeprom;0x2000
BSUP;eeprom;0x200
BSVE;eeprom;0x200
BSVP;eeprom;0x200
BSWJ;flash;0x40000
BSXP;eeprom;0x200
BSYE;eeprom;0x2000
BSYP;eeprom;0x2000
BT2E;eeprom;0x10000
BT2P;eeprom;0x10000
BT3J;eeprom;0x10000
BT4P;none;0x0
BT4X;none;0x0
BT5J;eeprom;0x2000
BT8E;eeprom;0x200
BT8P;eeprom;0x200
BT9P;eeprom;0x200
BTAJ;eeprom;0x10000
BTBE;eeprom;0x2000
BTBJ;eeprom;0x2000
BTBP;eeprom;0x2000
BTBX;eeprom;0x2000
BTBY;eeprom;0x2000
BTCE;eeprom;0x200
BTCP;eeprom;0x200
BTDE;eeprom;0x200
BTDP;eeprom;0x200
BTEJ;eeprom;0x10000
BTFD;eeprom;0x2000
BTGJ;eeprom;0x2000
BTHD;eeprom;0x2000
BTHE;eeprom;0x2000
BTIE;eeprom;0x200
BTIP;eeprom;0x200
BTIX;eeprom;0x200
BTJE;eeprom;0x2000
BTLH;eeprom;0x2000
BTMP;eeprom;0x2000
BTNE;eeprom;0x2000
BTNP;eeprom;0x2000
BTOJ;eeprom;0x2000
BTPE;eeprom;0x2000
BTQE;eeprom;0x200
BTQP;eeprom;0x200
BTRE;eeprom;0x2000
BTRP;eeprom;0x2000
BTTJ;eeprom;0x2000
BTUE;eeprom;0x2000
BTUJ;eeprom;0x2000
BTUP;eeprom;0x2000
BTUX;eeprom;0x2000
BTUY;eeprom;0x2000
BTVE;eeprom;0x2000
BTVP;eeprom;0x2000
BTWE;eeprom;0x200
BTWP;eeprom;0x200
BTXE;eeprom;0x200
BTYP;eeprom;0x2000
BTZD;eeprom;0x200
BTZE;eeprom;0x200
BTZP;eeprom;0x200
BTZX;eeprom;0x200
BTZY;eeprom;0x200
BU2D;eeprom;0x2000
BU4D;eeprom;0x2000
BU5D;eeprom;0x2000
BU6D;eeprom;0x2000
BU7P;eeprom;0x200
BU8E;eeprom;0x200
BU8P;eeprom;0x200
BU9P;eeprom;0x200
BUBE;eeprom;0x200
BUCJ;eeprom;0x2000
BUCK;eeprom;0x2000
BUDE;eeprom;0x200
BUDJ;eeprom;0x200
BUEE;eeprom;0x200
BUEF;eeprom;0x200
BUEP;eeprom;0x200
BUEX;eeprom;0x200
BUEY;eeprom;0x200
BUFE;eeprom;0x2000
BUGE;eeprom;0x200
BUIE;eeprom;0x200
BUJE;eeprom;0x200
BUJP;eeprom;0x200
BUKJ;eeprom;0x2000
BULD;eeprom;0x200
BULQ;eeprom;0x200
BULX;eeprom;0x200
BUOD;eeprom;0x200
BUOQ;eeprom;0x200
BUOX;eeprom;0x200
BUPD;eeprom;0x200
BUQJ;eeprom;0x200
BURE;eeprom;0x200
BUSP;eeprom;0x2000
BUTE;eeprom;0x200
BUTP;eeprom;0x200
BUUE;eeprom;0x200
BUUP;eeprom;0x200
BUVE;eeprom;0x2000
BUVP;eeprom;0x2000
BUWE;eeprom;0x200
BUWP;eeprom;0x200
BUXX;eeprom;0x200
BUYJ;eeprom;0x2000
BUZP;eeprom;0x2000
BV2E;eeprom;0x200
BV2P;eeprom;0x200
BV3J;eeprom;0x2000
BV4E;eeprom;0x200
BV6E;eeprom;0x200
BV6P;eeprom;0x200
BV7K;eeprom;0x2000
BV8P;eeprom;0x2000
BV9P;eeprom;0x200
BVAP;eeprom;0x200
BVBD;eeprom;0x2000
BVCP;eeprom;0x200
BVDE;eeprom;0x200
BVED;eeprom;0x2000
BVEE;eeprom;0x2000
BVEP;eeprom;0x2000
BVGE;eeprom;0x2000
BVHE;eeprom;0x200
BVIJ;eeprom;0x2000
BVJE;eeprom;0x200
BVKP;eeprom;0x2000
BVLJ;eeprom;0x2000
BVMD;eeprom;0x200
BVME;eeprom;0x200
BVMP;eeprom;0x200
BVMX;eeprom;0x200
BVNE;eeprom;0x200
BVNP;eeprom;0x200
BVPE;flash;0x80000
BVPP;flash;0x80000
BVQD;eeprom;0x2000
BVRD;eeprom;0x200
BVRX;eeprom;0x200
BVSD;eeprom;0x2000
BVTP;eeprom;0x200
BVVE;eeprom;0x2000
BVVP;eeprom;0x2000
BVXE;eeprom;0x200
BVYE;eeprom;0x200
BVYP;eeprom;0x200
BVZD;eeprom;0x2000
BW2E;eeprom;0x2000
BW3D;eeprom;0x2000
BW3F;eeprom;0x2000
BW3I;eeprom;0x2000
BW3P;eeprom;0x2000
BW4E;eeprom;0x2000
BW4P;eeprom;0x2000
BW6E;eeprom;0x200
BW7E;eeprom;0x2000
BW8E;eeprom;0x200
BW8P;eeprom;0x200
BW8X;eeprom;0x200
BW9E;eeprom;0x2000
BW9P;eeprom;0x2000
BWAP;eeprom;0x2000
BWBE;eeprom;0x2000
BWBP;eeprom;0x2000
BWBU;eeprom;0x2000
BWBX;eeprom;0x2000
BWBY;eeprom;0x2000
BWCJ;eeprom;0x2000
BWDE;eeprom;0x200
BWEE;eeprom;0x200
BWFE;eeprom;0x200
BWGX;eeprom;0x200
BWID;eeprom;0x2000
BWIE;eeprom;0x2000
BWIP;eeprom;0x2000
BWIX;eeprom;0x2000
BWLP;eeprom;0x10000
BWMH;eeprom;0x200
BWMP;eeprom;0x200
BWNJ;eeprom;0x2000
BWOE;eeprom;0x200
BWPE;eeprom;0x200
BWPP;eeprom;0x200
BWQE;eeprom;0x200
BWQP;eeprom;0x200
BWRJ;eeprom;0x10000
BWSD;eeprom;0x2000
BWUE;eeprom;0x2000
BWVE;eeprom;0x200
BWVH;eeprom;0x200
BWVP;eeprom;0x200
BWWJ;eeprom;0x10000
BWXP;eeprom;0x200
BWYJ;eeprom;0x10000
BWZJ;eeprom;0x10000
BX2P;eeprom;0x200
BX3P;eeprom;0x200
BX4P;eeprom;0x200
BX5P;eeprom;0x200
BX6E;eeprom;0x200
BX6P;eeprom;0x200
BX7E;eeprom;0x200
BXCE;eeprom;0x200
BXCP;eeprom;0x200
BXCX;eeprom;0x200
BXDE;eeprom;0x200
BXEE;eeprom;0x200
BXEP;eeprom;0x200
BXFE;eeprom;0x200
BXFP;eeprom;0x200
BXGE;eeprom;0x2000
BXGP;eeprom;0x2000
BXJP;eeprom;0x200
BXKP;eeprom;0x200
BXLI;eeprom;0x2000
BXME;eeprom;0x2000
BXMP;eeprom;0x2000
BXMX;eeprom;0x2000
BXNE;eeprom;0x200
BXOJ;eeprom;0x10000
BXPJ;eeprom;0x2000
BXQE;eeprom;0x200
BXQP;eeprom;0x200
BXSE;eeprom;0x10000
BXSJ;eeprom;0x10000
BXSP;eeprom;0x10000
BXUP;eeprom;0x200
BXVE;eeprom;0x200
BXVP;eeprom;0x200
BXWE;eeprom;0x200
BXXE;eeprom;0x200
BXXP;eeprom;0x200
BXYE;eeprom;0x2000
BXYP;eeprom;0x2000
BY2D;eeprom;0x200
BY3D;eeprom;0x200
BY4D;eeprom;0x200
BY5D;eeprom;0x200
BY6P;eeprom;0x200
BY7P;eeprom;0x200
BY8E;eeprom;0x200
BY8P;eeprom;0x200
BY9F;eeprom;0x200
BYAE;eeprom;0x200
BYBE;eeprom;0x200
BYBP;eeprom;0x200
BYCQ;eeprom;0x2000
BYEP;eeprom;0x200
BYGJ;eeprom;0x2000
BYHE;eeprom;0x2000
BYJJ;eeprom;0x2000
BYKJ;eeprom;0x2000
BYLE;eeprom;0x10000
BYMJ;eeprom;0x2000
BYNJ;eeprom;0x10000
BYOJ;eeprom;0x10000
BYPF;eeprom;0x200
BYQJ;eeprom;0x2000
BYRE;eeprom;0x200
BYSJ;eeprom;0x10000
BYTE;eeprom;0x2000
BYTP;eeprom;0x2000
BYTU;eeprom;0x2000
BYUE;eeprom;0x200
BYUP;eeprom;0x200
BYUX;eeprom;0x200
BYVJ;eeprom;0x10000
BYWP;eeprom;0x200
BYWX;eeprom;0x200
BYXE;eeprom;0x10000
BYXJ;eeprom;0x10000
BYXK;eeprom;0x10000
BYXP;eeprom;0x10000
BYYE;eeprom;0x10000
BYYJ;eeprom;0x10000
BYYK;eeprom;0x10000
BYYP;eeprom;0x10000
BYZD;eeprom;0x2000
BZ2J;eeprom;0x2000
BZ3J;eeprom;0x10000
BZ4E;eeprom;0x200
BZ5E;eeprom;0x200
BZ6E;eeprom;0x2000
BZ6P;eeprom;0x2000
BZ7E;eeprom;0x200
BZ8E;eeprom;0x200
BZ8P;eeprom;0x200
BZ9J;eeprom;0x2000
BZAE;eeprom;0x200
BZAP;eeprom;0x200
BZBJ;eeprom;0x10000
BZCJ;eeprom;0x10000
BZDE;eeprom;0x200
BZDP;eeprom;0x200
BZEE;eeprom;0x200
BZFP;eeprom;0x200
BZFX;eeprom;0x200
BZGE;eeprom;0x200
BZGP;eeprom;0x200
BZHE;eeprom;0x200
BZHP;eeprom;0x200
BZIE;eeprom;0x200
BZJE;eeprom;0x200
BZJP;eeprom;0x200
BZKJ;eeprom;0x10000
BZLP;eeprom;0x2000
BZMJ;flash;0x80000
BZNE;eeprom;0x200
BZOE;eeprom;0x10000
BZOP;eeprom;0x10000
BZPP;eeprom;0x200
BZQJ;eeprom;0x10000
BZRE;eeprom;0x200
BZSE;eeprom;0x200
BZUE;eeprom;0x2000
BZUP;eeprom;0x2000
BZVE;eeprom;0x2000
BZXE;eeprom;0x200
BZXP;eeprom;0x200
BZYE;eeprom;0x200
BZZE;eeprom;0x200
BZZP;eeprom;0x200
C22J;eeprom;0x2000
C23J;eeprom;0x2000
C24E;eeprom;0x10000
C24J;eeprom;0x10000
C24P;eeprom;0x10000
C25D;eeprom;0x2000
C26D;eeprom;0x2000
C26J;eeprom;0x2000
C26P;eeprom;0x2000
C27E;eeprom;0x10000
C27J;eeprom;0x10000
C27P;eeprom;0x10000
C29J;flash;0x40000
C2AJ;eeprom;0x2000
C2BE;eeprom;0x200
C2BP;eeprom;0x200
C2BX;eeprom;0x200
C2CF;eeprom;0x200
C2DJ;eeprom;0x2000
C2EJ;eeprom;0x10000
C2FJ;eeprom;0x2000
C2GJ;eeprom;0x2000
C2HP;eeprom;0x2000
C2KE;eeprom;0x10000
C2LJ;eeprom;0x2000
C2ME;eeprom;0x2000
C2MP;eeprom;0x2000
C2MX;eeprom;0x2000
C2NE;eeprom;0x2000
C2OE;eeprom;0x2000
C2OF;eeprom;0x2000
C2OP;eeprom;0x2000
C2PJ;eeprom;0x10000
C2QP;eeprom;0x200
C2SE;eeprom;0x20000
C2SJ;eeprom;0x20000
C2SP;eeprom;0x20000
C2TJ;eeprom;0x10000
C2UD;eeprom;0x2000
C2UP;eeprom;0x2000
C2VJ;eeprom;0x10000
C2WJ;eeprom;0x2000
C2XJ;eeprom;0x10000
C2YJ;eeprom;0x10000
C2ZH;eeprom;0x2000
C2ZP;eeprom;0x2000
C32E;eeprom;0x10000
C32J;eeprom;0x10000
C32P;eeprom;0x10000
C33J;eeprom;0x200
C34J;eeprom;0x10000
C36J;eeprom;0x200
C37F;eeprom;0x200
C38E;flash;0x40000
C38J;flash;0x40000
C38P;flash;0x40000
C39E;eeprom;0x2000
C39P;eeprom;0x2000
C3AF;eeprom;0x200
C3BE;eeprom;0x200
C3BP;eeprom;0x200
C3CJ;eeprom;0x200
C3DE;eeprom;0x200
C3DP;eeprom;0x200
C3EJ;eeprom;0x2000
C3FP;eeprom;0x2000
C3FU;eeprom;0x2000
C3GE;eeprom;0x2000
C3GP;eeprom;0x2000
C3HE;eeprom;0x200
C3HP;eeprom;0x200
C3HX;eeprom;0x200
C3JD;eeprom;0x10000
C3JE;eeprom;0x10000
C3JF;eeprom;0x10000
C3JH;eeprom;0x10000
C3JI;eeprom;0x10000
C3JJ;eeprom;0x10000
C3JP;eeprom;0x10000
C3JS;eeprom;0x10000
C3KJ;eeprom;0x10000
C3NJ;eeprom;0x10000
C3OJ;eeprom;0x2000
C3PE;eeprom;0x2000
C3PP;eeprom;0x2000
C3QD;eeprom;0x2000
C3RJ;eeprom;0x2000
C3SP;eeprom;0x2000
C3TE;eeprom;0x10000
C3TP;eeprom;0x10000
C3UJ;eeprom;0x2000
C3VE;eeprom;0x200
C3VP;eeprom;0x200
C3WJ;eeprom;0x10000
C3XJ;eeprom;0x2000
C3YJ;eeprom;0x2000
C42J;eeprom;0x2000
C44J;eeprom;0x2000
C45J;eeprom;0x2000
C46F;eeprom;0x200
C47F;eeprom;0x200
C48K;flash;0x80000
C49E;flash;0x40000
C49J;flash;0x40000
C49P;flash;0x40000
C4AJ;eeprom;0x200
C4BE;eeprom;0x10000
C4BJ;eeprom;0x10000
C4BP;eeprom;0x10000
C4CJ;eeprom;0x2000
C4DJ;eeprom;0x2000
C4ES;eeprom;0x200
C4FJ;eeprom;0x10000
C4GJ;eeprom;0x10000
C4HJ;eeprom;0x2000
C4IJ;eeprom;0x2000
C4JD;eeprom;0x200
C4KP;eeprom;0x200
C4KX;eeprom;0x200
C4ME;eeprom;0x200
C4MP;eeprom;0x200
C4NJ;eeprom;0x10000
C4OJ;eeprom;0x200
C4PJ;eeprom;0x2000
C4QD;eeprom;0x2000
C4RE;eeprom;0x200
C4RL;eeprom;0x200
C4RP;eeprom;0x200
C4TJ;eeprom;0x2000
C4UJ;eeprom;0x200
C4VP;eeprom;0x200
C4WJ;eeprom;0x2000
C4WK;eeprom;0x2000
C4XP;none;0x0
C4YD;eeprom;0x200
C4YP;eeprom;0x200
C4ZE;eeprom;0x2000
C4ZP;eeprom;0x2000
C52J;eeprom;0x2000
C53P;eeprom;0x200
C54E;eeprom;0x10000
C54P;eeprom;0x10000
C55J;eeprom;0x10000
C56E;eeprom;0x2000
C57F;eeprom;0x200
C58E;eeprom;0x200
C58P;eeprom;0x200
C59J;eeprom;0x2000
C5AE;eeprom;0x2000
C5AP;eeprom;0x2000
C5BE;eeprom;0x2000
C5BP;eeprom;0x10000
C5CE;eeprom;0x10000
C5CP;eeprom;0x10000
C5DJ;eeprom;0x200
C5EJ;flash;0x40000
C5FJ;eeprom;0x2000
C5GJ;eeprom;0x2000
C5HD;eeprom;0x2000
C5IJ;eeprom;0x2000
C5JJ;eeprom;0x2000
C5KJ;eeprom;0x2000
C5LP;eeprom;0x200
C5ME;eeprom;0x200
C5NE;eeprom;0x200
C5NP;eeprom;0x200
C5OP;eeprom;0x200
C5OX;eeprom;0x200
C5PJ;eeprom;0x2000
C5QE;eeprom;0x2000
C5QP;eeprom;0x2000
C5QX;eeprom;0x2000
C5RJ;eeprom;0x10000
C5SE;eeprom;0x200
C5SP;eeprom;0x200
C5TE;flash;0x40000
C5UE;eeprom;0x2000
C5VS;eeprom;0x200
C5WE;eeprom;0x2000
C5XF;eeprom;0x200
C5YJ;eeprom;0x2000
C5ZE;eeprom;0x200
C5ZP;eeprom;0x200
C62D;eeprom;0x200
C62E;eeprom;0x200
C62F;eeprom;0x200
C62I;eeprom;0x200
C62L;eeprom;0x200
C62P;eeprom;0x200
C62S;eeprom;0x200
C63J;eeprom;0x2000
C64J;eeprom;0x10000
C65E;eeprom;0x200
C65P;eeprom;0x200
C66J;eeprom;0x2000
C66K;eeprom;0x2000
C67E;eeprom;0x200
C68F;eeprom;0x200
C69E;eeprom;0x2000
C69P;eeprom;0x2000
C6AI;eeprom;0x200
C6BP;eeprom;0x2000
C6CE;flash;0x40000
C6CJ;flash;0x40000
C6CP;flash;0x40000
C6DE;eeprom;0x200
C6EP;eeprom;0x2000
C6FJ;eeprom;0x2000
C6GJ;eeprom;0x10000
C6HJ;eeprom;0x200
C6HK;eeprom;0x200
C6ID;eeprom;0x200
C6JP;eeprom;0x200
C6KJ;eeprom;0x2000
C6LD;eeprom;0x200
C6ME;eeprom;0x2000
C6MP;eeprom;0x2000
C6NP;eeprom;0x2000
C6OJ;eeprom;0x10000
C6PE;flash;0x100000
C6PJ;flash;0x100000
C6PP;flash;0x100000
C6QE;eeprom;0x200
C6QP;eeprom;0x200
C6QX;eeprom;0x200
C6RJ;eeprom;0x10000
C6TE;eeprom;0x2000
C6TP;eeprom;0x2000
C6VE;eeprom;0x200
C6VP;eeprom;0x200
C6WE;eeprom;0x2000
C6WJ;eeprom;0x2000
C6WP;eeprom;0x2000
C6XJ;eeprom;0x2000
C6YJ;eeprom;0x2000
C6ZD;eeprom;0x200
C72P;eeprom;0x2000
C73P;eeprom;0x2000
C74P;eeprom;0x2000
C75P;eeprom;0x2000
C76P;eeprom;0x2000
C77P;eeprom;0x10000
C7BE;eeprom;0x2000
C7DX;eeprom;0x200
C7FE;eeprom;0x10000
C7FP;eeprom;0x10000
C7GE;eeprom;0x200
C7GP;eeprom;0x200
C7JF;eeprom;0x200
C7KJ;eeprom;0x2000
C7LP;eeprom;0x2000
C7ME;eeprom;0x10000
C7MP;eeprom;0x10000
C7NX;eeprom;0x200
C7OE;eeprom;0x2000
C7OP;eeprom;0x2000
C7OX;eeprom;0x2000
C7PE;eeprom;0x2000
C7QD;eeprom;0x2000
C7RP;eeprom;0x200
C7RX;eeprom;0x200
C7TF;eeprom;0x2000
C7TP;eeprom;0x2000
C7TX;eeprom;0x2000
C7UE;eeprom;0x200
C7UP;eeprom;0x200
C7VE;eeprom;0x200
C7VP;eeprom;0x200
C7WF;eeprom;0x200
C7XF;eeprom;0x200
C7YF;eeprom;0x200
C7ZF;eeprom;0x200
CA2E;eeprom;0x10000
CA2J;eeprom;0x10000
CA5E;eeprom;0x10000
CA5J;eeprom;0x10000
CA6J;eeprom;0x2000
CA7E;eeprom;0x2000
CA7P;eeprom;0x2000
CAAE;eeprom;0x10000
CAAP;eeprom;0x2000
CABE;eeprom;0x200
CABP;eeprom;0x200
CACF;eeprom;0x2000
CADF;eeprom;0x2000
CAEF;eeprom;0x2000
CAFF;eeprom;0x200
CAFX;eeprom;0x200
CAGP;eeprom;0x200
CAGX;eeprom;0x200
CAHF;eeprom;0x200
CAIJ;eeprom;0x2000
CAJE;eeprom;0x200
CAKE;eeprom;0x2000
CAKP;eeprom;0x2000
CAKX;eeprom;0x2000
CALE;eeprom;0x200
CALK;eeprom;0x200
CALP;eeprom;0x200
CAME;eeprom;0x2000
CANE;flash;0x40000
CANP;flash;0x40000
CAOE;eeprom;0x200
CAOP;eeprom;0x200
CAPE;eeprom;0x10000
CAPP;eeprom;0x10000
CAQP;eeprom;0x2000
CARE;eeprom;0x2000
CASE;eeprom;0x200
CASP;eeprom;0x200
CATE;eeprom;0x2000
CATJ;eeprom;0x2000
CATP;eeprom;0x2000
CAVE;eeprom;0x2000
CAVK;eeprom;0x2000
CAVP;eeprom;0x2000
CAVX;eeprom;0x2000
CAWS;eeprom;0x200
CAXP;eeprom;0x10000
CAYE;eeprom;0x200
CAYP;eeprom;0x200
CAZJ;eeprom;0x2000
CB2J;eeprom;0x2000
CB3P;eeprom;0x2000
CB4J;eeprom;0x2000
CB5F;eeprom;0x200
CB6E;eeprom;0x2000
CB6J;eeprom;0x2000
CB6P;eeprom;0x2000
CB7E;eeprom;0x2000
CB7P;eeprom;0x2000
CB8D;eeprom;0x200
CB8E;eeprom;0x200
CB8P;eeprom;0x200
CB9E;flash;0x40000
CB9J;flash;0x40000
CB9P;flash;0x40000
CBAE;eeprom;0x200
CBAP;eeprom;0x200
CBAX;eeprom;0x200
CBBE;eeprom;0x2000
CBBP;eeprom;0x2000
CBDE;eeprom;0x2000
CBEJ;eeprom;0x200
CBFE;eeprom;0x10000
CBFP;eeprom;0x10000
CBFX;eeprom;0x10000
CBGE;flash;0x40000
CBGP;flash;0x40000
CBID;eeprom;0x200
CBJP;eeprom;0x10000
CBKE;eeprom;0x2000
CBKJ;eeprom;0x2000
CBKP;eeprom;0x2000
CBKX;eeprom;0x2000
CBLE;eeprom;0x2000
CBME;eeprom;0x2000
CBMP;eeprom;0x2000
CBNF;eeprom;0x200
CBNP;eeprom;0x200
CBOJ;flash;0x40000
CBPE;eeprom;0x2000
CBPP;eeprom;0x2000
CBQE;eeprom;0x2000
CBQP;eeprom;0x2000
CBRP;eeprom;0x2000
CBSE;eeprom;0x2000
CBTP;eeprom;0x200
CBUF;eeprom;0x200
CBVP;eeprom;0x2000
CBWF;eeprom;0x200
CBXE;eeprom;0x10000
CBYE;eeprom;0x200
CBYP;eeprom;0x200
CBZP;eeprom;0x10000
CC2E;eeprom;0x200
CC2P;eeprom;0x200
CC3F;eeprom;0x200
CC4J;eeprom;0x10000
CC8D;eeprom;0x200
CC8F;eeprom;0x200
CC9D;eeprom;0x200
CC9F;eeprom;0x200
CCCD;eeprom;0x2000
CCCE;eeprom;0x200
CCDE;eeprom;0x10000
CCDP;eeprom;0x10000
CCEE;flash;0x40000
CCEP;flash;0x40000
CCES;flash;0x40000
CCFE;eeprom;0x200
CCFP;eeprom;0x200
CCGJ;eeprom;0x10000
CCJE;eeprom;0x2000
CCJP;eeprom;0x2000
CCKE;eeprom;0x200
CCKK;eeprom;0x200
CCKP;eeprom;0x200
CCLF;eeprom;0x2000
CCME;eeprom;0x2000
CCMP;eeprom;0x2000
CCNP;eeprom;0x200
CCQF;eeprom;0x200
CCRE;eeprom;0x2000
CCRP;eeprom;0x2000
CCSF;eeprom;0x200
CCTJ;eeprom;0x10000
CCUJ;flash;0x80000
CCVX;eeprom;0x200
CCWE;eeprom;0x2000
CCWP;eeprom;0x200
CCWX;eeprom;0x200
CCXE;eeprom;0x10000
CCXP;eeprom;0x10000
CCYE;eeprom;0x200
CCYP;eeprom;0x200
CCZE;eeprom;0x200
CCZP;eeprom;0x200
CD2J;eeprom;0x2000
CD3E;eeprom;0x200
CD4D;eeprom;0x200
CD4P;eeprom;0x200
CD5E;eeprom;0x200
CD5P;eeprom;0x200
CD6J;eeprom;0x10000
CD7P;eeprom;0x200
CD8E;eeprom;0x2000
CD8J;eeprom;0x2000
CD8P;eeprom;0x2000
CD9J;eeprom;0x10000
CDAE;eeprom;0x2000
CDAP;eeprom;0x2000
CDBE;eeprom;0x200
CDBP;eeprom;0x200
CDCE;eeprom;0x10000
CDCP;eeprom;0x10000
CDDJ;eeprom;0x2000
CDEP;eeprom;0x200
CDFE;eeprom;0x2000
CDFJ;eeprom;0x2000
CDFP;eeprom;0x2000
CDFR;eeprom;0x2000
CDGE;flash;0x80000
CDGJ;flash;0x80000
CDGP;flash;0x80000
CDHJ;eeprom;0x2000
CDIP;eeprom;0x200
CDKJ;eeprom;0x2000
CDLE;flash;0x40000
CDLG;flash;0x40000
CDLJ;flash;0x40000
CDLK;flash;0x40000
CDLP;flash;0x40000
CDLS;flash;0x40000
CDLX;flash;0x40000
CDMF;eeprom;0x200
CDNE;eeprom;0x200
CDNP;eeprom;0x200
CDOK;flash;0x40000
CDPE;eeprom;0x2000
CDPP;eeprom;0x2000
CDQJ;eeprom;0x200
CDRE;eeprom;0x200
CDSE;eeprom;0x200
CDSK;eeprom;0x200
CDSP;eeprom;0x200
CDTF;eeprom;0x200
CDUE;eeprom;0x10000
CDUP;eeprom;0x10000
CDVE;eeprom;0x200
CDVP;eeprom;0x200
CDWP;eeprom;0x200
CDWX;eeprom;0x200
CDWY;eeprom;0x200
CDXP;eeprom;0x200
CDYF;eeprom;0x2000
CDYP;eeprom;0x2000
CDYX;eeprom;0x2000
CDZE;eeprom;0x2000
CDZP;eeprom;0x2000
CE2F;eeprom;0x200
CE3J;eeprom;0x10000
CE4J;eeprom;0x10000
CE6J;eeprom;0x2000
CE7D;eeprom;0x2000
CE8F;eeprom;0x200
CE9D;eeprom;0x10000
CE9E;eeprom;0x10000
CE9P;eeprom;0x10000
CEAJ;eeprom;0x10000
CEBJ;eeprom;0x10000
CECP;eeprom;0x2000
CEDJ;eeprom;0x2000
CEEF;eeprom;0x200
CEEX;eeprom;0x200
CEEY;eeprom;0x200
CEFE;eeprom;0x200
CEFP;eeprom;0x200
CEGJ;eeprom;0x10000
CEHJ;eeprom;0x2000
CEJE;eeprom;0x200
CEJP;eeprom;0x200
CEKJ;eeprom;0x2000
CENE;eeprom;0x10000
CEOD;eeprom;0x2000
CEPE;eeprom;0x2000
CEPP;eeprom;0x2000
CEQD;eeprom;0x2000
CERE;eeprom;0x10000
CERP;eeprom;0x10000
CETJ;eeprom;0x2000
CEUE;eeprom;0x2000
CEWJ;eeprom;0x2000
CEXP;eeprom;0x2000
CEYE;eeprom;0x200
CEZJ;eeprom;0x2000
CF2E;eeprom;0x200
CF2P;eeprom;0x200
CF3E;eeprom;0x200
CF3P;eeprom;0x200
CF4E;eeprom;0x200
CF4P;eeprom;0x200
CF5E;eeprom;0x2000
CF5P;eeprom;0x2000
CF6E;eeprom;0x2000
CF6X;eeprom;0x2000
CF7P;eeprom;0x2000
CF8E;eeprom;0x2000
CF8P;eeprom;0x2000
CF9E;eeprom;0x10000
CF9K;eeprom;0x10000
CF9P;eeprom;0x10000
CFAE;eeprom;0x2000
CFAP;eeprom;0x2000
CFAX;eeprom;0x2000
CFAY;eeprom;0x2000
CFCD;eeprom;0x2000
CFDE;eeprom;0x2000
CFDK;eeprom;0x2000
CFDP;eeprom;0x2000
CFEJ;eeprom;0x200
CFFP;flash;0x40000
CFGJ;eeprom;0x2000
CFHP;eeprom;0x10000
CFIE;eeprom;0x10000
CFIJ;eeprom;0x10000
CFIP;eeprom;0x10000
CFJE;eeprom;0x2000
CFJP;eeprom;0x2000
CFLX;eeprom;0x2000
CFME;eeprom;0x10000
CFMJ;eeprom;0x10000
CFMK;eeprom;0x10000
CFNJ;eeprom;0x2000
CFOE;eeprom;0x2000
CFPE;eeprom;0x2000
CFQE;eeprom;0x200
CFRE;eeprom;0x2000
CFRJ;eeprom;0x2000
CFSP;eeprom;0x200
CFSX;eeprom;0x200
CFTP;eeprom;0x2000
CFUP;eeprom;0x2000
CFUX;eeprom;0x2000
CFVD;eeprom;0x2000
CFVE;eeprom;0x2000
CFVF;eeprom;0x2000
CFVP;eeprom;0x2000
CFWE;eeprom;0x200
CFXE;eeprom;0x200
CFYP;eeprom;0x2000
CG2P;eeprom;0x2000
CG3E;eeprom;0x2000
CG3J;eeprom;0x2000
CG3P;eeprom;0x2000
CG4J;eeprom;0x10000
CG5E;eeprom;0x200
CG5P;eeprom;0x200
CG6E;eeprom;0x2000
CG6P;eeprom;0x2000
CG7J;eeprom;0x2000
CG7K;eeprom;0x2000
CG8J;eeprom;0x2000
CG9J;eeprom;0x2000
CGBE;eeprom;0x200
CGBP;eeprom;0x200
CGBX;eeprom;0x200
CGCJ;eeprom;0x2000
CGDE;eeprom;0x200
CGDP;eeprom;0x200
CGEE;eeprom;0x2000
CGFE;eeprom;0x200
CGFP;eeprom;0x200
CGGJ;eeprom;0x2000
CGHE;eeprom;0x2000
CGHP;eeprom;0x2000
CGJP;eeprom;0x2000
CGKJ;eeprom;0x200
CGMJ;eeprom;0x10000
CGNE;eeprom;0x2000
CGNP;eeprom;0x2000
CGOP;eeprom;0x200
CGPE;eeprom;0x200
CGPP;eeprom;0x200
CGQE;eeprom;0x10000
CGQP;eeprom;0x10000
CGRJ;eeprom;0x200
CGSE;eeprom;0x200
CGSK;eeprom;0x200
CGSP;eeprom;0x200
CGSX;eeprom;0x200
CGUF;eeprom;0x2000
CGWE;eeprom;0x200
CGWJ;eeprom;0x200
CGXJ;eeprom;0x200
CGYJ;eeprom;0x2000
CGZP;eeprom;0x200
CH2J;eeprom;0x2000
CH3J;eeprom;0x2000
CH4E;eeprom;0x2000
CH4P;eeprom;0x2000
CH5J;eeprom;0x2000
CH6D;eeprom;0x200
CH6E;eeprom;0x200
CH6J;eeprom;0x200
CH6K;eeprom;0x200
CH6P;eeprom;0x200
CH7J;eeprom;0x10000
CH8P;eeprom;0x200
CH8X;eeprom;0x200
CH9J;eeprom;0x10000
CHAJ;eeprom;0x10000
CHBJ;eeprom;0x200
CHCE;eeprom;0x200
CHDJ;eeprom;0x2000
CHEP;eeprom;0x2000
CHFE;eeprom;0x2000
CHFP;eeprom;0x2000
CHGJ;eeprom;0x10000
CHHJ;eeprom;0x10000
CHIJ;eeprom;0x10000
CHJJ;eeprom;0x2000
CHKE;eeprom;0x200
CHKP;eeprom;0x200
CHLJ;eeprom;0x2000
CHME;eeprom;0x2000
CHMP;eeprom;0x2000
CHNE;eeprom;0x2000
CHNP;eeprom;0x2000
CHOE;eeprom;0x200
CHOP;eeprom;0x200
CHPJ;eeprom;0x200
CHSP;eeprom;0x200
CHTJ;eeprom;0x2000
CHUJ;eeprom;0x10000
CHVE;eeprom;0x10000
CHVJ;eeprom;0x10000
CHVP;eeprom;0x10000
CHWP;eeprom;0x2000
CHXE;eeprom;0x10000
CHXP;eeprom;0x10000
CHYE;eeprom;0x200
CHYP;eeprom;0x200
CHZJ;eeprom;0x2000
CI2P;eeprom;0x200
CI3E;eeprom;0x200
CI3I;eeprom;0x200
CI3P;eeprom;0x200
CI3X;eeprom;0x200
CI3Y;eeprom;0x200
CI4E;eeprom;0x2000
CI4P;eeprom;0x2000
CI5E;eeprom;0x200
CI5P;eeprom;0x200
CI6J;eeprom;0x10000
CI7E;eeprom;0x2000
CI7P;eeprom;0x2000
CI7X;eeprom;0x2000
CI7Y;eeprom;0x2000
CI7Z;eeprom;0x2000
CI8J;eeprom;0x2000
CI9E;eeprom;0x2000
CI9F;eeprom;0x2000
CI9P;eeprom;0x2000
CI9X;eeprom;0x2000
CIAJ;eeprom;0x10000
CIBJ;eeprom;0x2000
CICE;eeprom;0x10000
CICP;eeprom;0x10000
CIDE;eeprom;0x10000
CIDP;eeprom;0x10000
CIEE;eeprom;0x2000
CIFP;eeprom;0x200
CIGJ;eeprom;0x2000
CIHE;eeprom;0x2000
CIHP;eeprom;0x2000
CIJE;eeprom;0x200
CIJP;eeprom;0x200
CIKJ;eeprom;0x200
CILJ;eeprom;0x200
CIME;eeprom;0x2000
CIMP;eeprom;0x2000
CINJ;eeprom;0x2000
CIOE;none;0x0
CIPJ;eeprom;0x2000
CIQE;eeprom;0x2000
CIQP;eeprom;0x2000
CIRE;eeprom;0x2000
CIRP;eeprom;0x2000
CIRX;eeprom;0x2000
CISP;eeprom;0x200
CISX;eeprom;0x200
CITE;eeprom;0x200
CITP;eeprom;0x200
CIUE;eeprom;0x2000
CIUP;eeprom;0x2000
CIVJ;eeprom;0x10000
CIWD;eeprom;0x2000
CIXP;eeprom;0x200
CIYE;eeprom;0x2000
CIYP;eeprom;0x2000
CIYX;eeprom;0x2000
CIZE;eeprom;0x200
CIZP;eeprom;0x200
CJ2J;eeprom;0x2000
CJ2P;eeprom;0x2000
CJ3E;eeprom;0x200
CJ3P;eeprom;0x200
CJ4E;eeprom;0x200
CJ4P;eeprom;0x200
CJ4X;eeprom;0x200
CJ5J;eeprom;0x2000
CJ6J;eeprom;0x2000
CJ7E;eeprom;0x200
CJ7J;eeprom;0x200
CJ8J;eeprom;0x2000
CJAE;eeprom;0x10000
CJBE;eeprom;0x200
CJBP;eeprom;0x200
CJBX;eeprom;0x200
CJCE;eeprom;0x2000
CJCP;eeprom;0x2000
CJDJ;eeprom;0x200
CJEJ;eeprom;0x10000
CJFF;eeprom;0x200
CJGP;eeprom;0x200
CJHJ;eeprom;0x10000
CJIP;eeprom;0x2000
CJJE;eeprom;0x2000
CJJP;eeprom;0x2000
CJKE;eeprom;0x10000
CJKJ;eeprom;0x10000
CJLP;eeprom;0x2000
CJNE;eeprom;0x200
CJOE;eeprom;0x2000
CJOP;eeprom;0x2000
CJPE;eeprom;0x2000
CJPP;eeprom;0x2000
CJQE;eeprom;0x2000
CJQP;eeprom;0x2000
CJRE;eeprom;0x10000
CJRJ;eeprom;0x10000
CJRP;eeprom;0x10000
CJSP;eeprom;0x2000
CJUJ;eeprom;0x10000
CJWE;eeprom;0x200
CJWP;eeprom;0x200
CJXE;eeprom;0x200
CJXP;eeprom;0x200
CJYD;eeprom;0x200
CK2P;eeprom;0x200
CK4J;eeprom;0x10000
CK5E;flash;0x40000
CK5J;flash;0x40000
CK5K;flash;0x40000
CK5P;flash;0x40000
CK6D;eeprom;0x2000
CK7P;none;0x0
CK8J;eeprom;0x10000
CK9J;flash;0x40000
CKAP;eeprom;0x2000
CKBE;eeprom;0x2000
CKBP;eeprom;0x2000
CKBX;eeprom;0x2000
CKCE;eeprom;0x200
CKDJ;eeprom;0x2000
CKEJ;eeprom;0x2000
CKFE;eeprom;0x200
CKFP;eeprom;0x200
CKHE;eeprom;0x2000
CKHP;eeprom;0x2000
CKID;eeprom;0x2000
CKIE;eeprom;0x2000
CKIF;eeprom;0x2000
CKIH;eeprom;0x2000
CKII;eeprom;0x2000
CKIP;eeprom;0x2000
CKIS;eeprom;0x2000
CKJP;eeprom;0x200
CKKJ;eeprom;0x2000
CKLE;eeprom;0x200
CKLP;eeprom;0x200
CKMJ;eeprom;0x10000
CKNE;eeprom;0x2000
CKNJ;eeprom;0x2000
CKPF;eeprom;0x200
CKQE;eeprom;0x200
CKQP;eeprom;0x200
CKRJ;eeprom;0x10000
CKTE;eeprom;0x2000
CKTP;eeprom;0x2000
CKUJ;eeprom;0x10000
CKVD;eeprom;0x2000
CKWJ;eeprom;0x200
CKXE;eeprom;0x200
CKYJ;eeprom;0x10000
CKZE;flash;0x40000
CL2D;eeprom;0x200
CL3E;eeprom;0x200
CL3P;eeprom;0x200
CL4J;eeprom;0x2000
CL4K;eeprom;0x2000
CL4S;eeprom;0x2000
CL5D;eeprom;0x200
CL6E;eeprom;0x200
CL7E;eeprom;0x2000
CL7P;eeprom;0x2000
CL8E;eeprom;0x2000
CL8P;eeprom;0x2000
CLBE;eeprom;0x10000
CLBJ;eeprom;0x10000
CLBP;eeprom;0x10000
CLCP;eeprom;0x200
CLDP;eeprom;0x200
CLEP;eeprom;0x200
CLEW;eeprom;0x200
CLEX;eeprom;0x200
CLEY;eeprom;0x200
CLEZ;eeprom;0x200
CLFE;eeprom;0x200
CLFP;eeprom;0x200
CLGD;eeprom;0x200
CLGE;eeprom;0x200
CLGW;eeprom;0x200
CLGY;eeprom;0x200
CLGZ;eeprom;0x200
CLHE;eeprom;0x2000
CLHP;eeprom;0x2000
CLID;eeprom;0x200
CLIE;eeprom;0x200
CLIP;eeprom;0x200
CLIX;eeprom;0x200
CLJE;eeprom;0x2000
CLJJ;eeprom;0x2000
CLJK;eeprom;0x2000
CLJP;eeprom;0x2000
CLKD;eeprom;0x200
CLKF;eeprom;0x200
CLKP;eeprom;0x200
CLKX;eeprom;0x200
CLLI;eeprom;0x2000
CLLS;eeprom;0x2000
CLMJ;eeprom;0x10000
CLNP;eeprom;0x2000
CLOJ;eeprom;0x200
CLPD;eeprom;0x10000
CLPE;eeprom;0x10000
CLPF;eeprom;0x10000
CLPP;eeprom;0x10000
CLPS;eeprom;0x10000
CLQE;eeprom;0x200
CLQP;eeprom;0x200
CLRE;eeprom;0x10000
CLRP;eeprom;0x10000
CLSP;eeprom;0x200
CLTF;eeprom;0x200
CLUX;eeprom;0x200
CLVD;eeprom;0x200
CLVF;eeprom;0x200
CLVP;eeprom;0x200
CLVX;eeprom;0x200
CLWE;eeprom;0x2000
CLWP;eeprom;0x2000
CLXP;eeprom;0x2000
CLYP;eeprom;0x2000
CLZE;eeprom;0x200
CLZP;eeprom;0x200
CM2P;eeprom;0x200
CM3E;eeprom;0x10000
CM3J;eeprom;0x10000
CM3K;eeprom;0x10000
CM3P;eeprom;0x10000
CM4E;eeprom;0x10000
CM4P;eeprom;0x10000
CM5E;eeprom;0x200
CM5P;eeprom;0x200
CM6E;eeprom;0x2000
CM6J;eeprom;0x2000
CM6P;eeprom;0x2000
CM7E;none;0x0
CM8E;eeprom;0x2000
CM8J;eeprom;0x2000
CM8P;eeprom;0x2000
CM9E;eeprom;0x200
CM9P;eeprom;0x200
CMAJ;eeprom;0x2000
CMBF;eeprom;0x200
CMCI;eeprom;0x2000
CMCS;eeprom;0x2000
CMDE;flash;0x40000
CMDP;flash;0x40000
CMEJ;eeprom;0x2000
CMFF;eeprom;0x200
CMGD;eeprom;0x200
CMGE;eeprom;0x200
CMGF;eeprom;0x200
CMGH;eeprom;0x200
CMGI;eeprom;0x200
CMGL;eeprom;0x200
CMGM;eeprom;0x200
CMGP;eeprom;0x200
CMGS;eeprom;0x200
CMIE;eeprom;0x200
CMIP;eeprom;0x200
CMJH;eeprom;0x2000
CMJP;eeprom;0x2000
CMLE;eeprom;0x2000
CMMJ;eeprom;0x10000
CMOJ;eeprom;0x10000
CMPE;eeprom;0x200
CMPP;eeprom;0x200
CMQF;eeprom;0x200
CMQX;eeprom;0x200
CMRE;eeprom;0x2000
CMRP;eeprom;0x2000
CMSE;eeprom;0x10000
CMSJ;eeprom;0x10000
CMSP;eeprom;0x10000
CMTE;eeprom;0x200
CMTP;eeprom;0x200
CMUE;eeprom;0x10000
CMUP;eeprom;0x10000
CMVE;eeprom;0x200
CMVP;eeprom;0x200
CMWP;eeprom;0x2000
CMXE;eeprom;0x200
CMYJ;eeprom;0x10000
CMZJ;eeprom;0x10000
CN2J;flash;0x40000
CN3J;eeprom;0x2000
CN5J;eeprom;0x10000
CN6J;eeprom;0x2000
CN7H;eeprom;0x2000
CN7P;eeprom;0x2000
CN8J;eeprom;0x10000
CNAD;eeprom;0x200
CNAE;eeprom;0x200
CNAF;eeprom;0x200
CNAP;eeprom;0x200
CNAW;eeprom;0x200
CNAX;eeprom;0x200
CNAY;eeprom;0x200
CNBE;eeprom;0x10000
CNBP;eeprom;0x10000
CNCJ;eeprom;0x2000
CNDE;eeprom;0x2000
CNDK;eeprom;0x2000
CNDP;eeprom;0x2000
CNEJ;eeprom;0x2000
CNGE;eeprom;0x2000
CNHP;eeprom;0x2000
CNIP;eeprom;0x200
CNJE;eeprom;0x200
CNJP;eeprom;0x200
CNKJ;eeprom;0x2000
CNLJ;eeprom;0x200
CNME;eeprom;0x200
CNMP;eeprom;0x200
CNOJ;eeprom;0x2000
CNPP;eeprom;0x2000
CNQJ;eeprom;0x10000
CNRE;eeprom;0x2000
CNRJ;eeprom;0x2000
CNRP;eeprom;0x2000
CNSE;eeprom;0x2000
CNSJ;eeprom;0x2000
CNSK;eeprom;0x2000
CNSX;eeprom;0x2000
CNTJ;eeprom;0x10000
CNUJ;eeprom;0x2000
CNVD;flash;0x40000
CNVE;flash;0x40000
CNVF;flash;0x40000
CNVI;flash;0x40000
CNVJ;flash;0x40000
CNVP;flash;0x40000
CNVS;flash;0x40000
CNYE;eeprom;0x2000
CNYP;eeprom;0x2000
CNZJ;eeprom;0x2000
CO2J;eeprom;0x200
CO3J;eeprom;0x200
CO4J;flash;0x80000
CO5P;eeprom;0x200
CO6J;eeprom;0x2000
CO8P;eeprom;0x200
COAF;eeprom;0x200
COBF;eeprom;0x200
COCE;eeprom;0x200
COEJ;eeprom;0x2000
COHJ;eeprom;0x2000
COIJ;eeprom;0x2000
COJF;eeprom;0x200
COKJ;eeprom;0x2000
COLE;eeprom;0x10000
COLJ;eeprom;0x10000
COLK;eeprom;0x10000
COLP;eeprom;0x10000
COMP;eeprom;0x200
CONJ;flash;0x40000
CONP;eeprom;0x200
COOE;eeprom;0x2000
COOP;eeprom;0x2000
COPE;eeprom;0x10000
COPP;eeprom;0x10000
COPX;eeprom;0x10000
COQE;eeprom;0x2000
COQP;eeprom;0x2000
COSE;eeprom;0x200
COSP;eeprom;0x200
COTJ;flash;0x40000
COTP;eeprom;0x200
COUE;eeprom;0x10000
COVJ;flash;0x40000
COWJ;eeprom;0x2000
COYE;eeprom;0x2000
COYP;eeprom;0x2000
COZE;eeprom;0x2000
COZJ;eeprom;0x2000
CP2E;eeprom;0x10000
CP2J;eeprom;0x10000
CP2K;eeprom;0x10000
CP3A;flash;0x40000
CP3E;flash;0x40000
CP3P;flash;0x40000
CP4J;eeprom;0x2000
CP4K;eeprom;0x2000
CP5E;eeprom;0x200
CP5P;eeprom;0x200
CP6J;eeprom;0x2000
CP6P;eeprom;0x2000
CP7E;eeprom;0x2000
CP7P;eeprom;0x2000
CP7X;eeprom;0x2000
CP8E;eeprom;0x2000
CP8J;eeprom;0x2000
CP8P;eeprom;0x2000
CP9E;eeprom;0x2000
CPAE;eeprom;0x200
CPAP;eeprom;0x200
CPBF;eeprom;0x200
CPCE;eeprom;0x2000
CPCP;eeprom;0x2000
CPCX;eeprom;0x2000
CPDE;eeprom;0x200
CPDP;eeprom;0x200
CPEJ;eeprom;0x2000
CPFE;eeprom;0x2000
CPGJ;eeprom;0x10000
CPHE;eeprom;0x200
CPHP;eeprom;0x200
CPIP;eeprom;0x2000
CPJE;eeprom;0x2000
CPJP;eeprom;0x2000
CPKP;none;0x0
CPLE;eeprom;0x200
CPLP;eeprom;0x200
CPME;eeprom;0x2000
CPMJ;eeprom;0x2000
CPMP;eeprom;0x2000
CPNP;none;0x0
CPOE;eeprom;0x2000
CPOP;eeprom;0x2000
CPPE;flash;0x40000
CPQE;eeprom;0x200
CPQP;eeprom;0x200
CPRE;eeprom;0x2000
CPSE;eeprom;0x2000
CPSK;eeprom;0x2000
CPSP;eeprom;0x2000
CPTJ;flash;0x40000
CPUD;flash;0x80000
CPUE;flash;0x80000
CPUF;flash;0x80000
CPUI;flash;0x80000
CPUJ;flash;0x80000
CPUK;flash;0x80000
CPUP;flash;0x80000
CPUS;flash;0x80000
CPVE;eeprom;0x2000
CPVP;eeprom;0x2000
CPWE;eeprom;0x2000
CPWP;eeprom;0x2000
CPXE;flash;0x40000
CPXP;flash;0x40000
CPXX;flash;0x40000
CPZE;eeprom;0x2000
CQ2J;eeprom;0x10000
CQ3J;eeprom;0x10000
CQ7E;eeprom;0x200
CQ7P;eeprom;0x200
CQ8E;eeprom;0x200
CQ8P;eeprom;0x200
CQ9J;eeprom;0x2000
CQAE;eeprom;0x2000
CQBE;eeprom;0x2000
CQCM;eeprom;0x200
CQCN;eeprom;0x200
CQCQ;eeprom;0x200
CQCX;eeprom;0x200
CQDJ;eeprom;0x2000
CQED;eeprom;0x2000
CQEE;eeprom;0x2000
CQEP;eeprom;0x2000
CQEX;eeprom;0x2000
CQEY;eeprom;0x2000
CQFJ;none;0x0
CQGJ;eeprom;0x2000
CQHJ;eeprom;0x200
CQIJ;eeprom;0x2000
CQJE;eeprom;0x200
CQJP;eeprom;0x200
CQJX;eeprom;0x200
CQKP;eeprom;0x200
CQLH;eeprom;0x2000
CQMP;eeprom;0x200
CQNJ;eeprom;0x2000
CQOD;eeprom;0x200
CQOP;eeprom;0x200
CQPE;eeprom;0x200
CQPP;eeprom;0x200
CQQP;eeprom;0x200
CQRE;eeprom;0x2000
CQRJ;eeprom;0x2000
CQRP;eeprom;0x2000
CQSD;eeprom;0x200
CQSE;eeprom;0x200
CQSK;eeprom;0x200
CQSP;eeprom;0x200
CQSX;eeprom;0x200
CQTE;eeprom;0x10000
CQTJ;eeprom;0x10000
CQUJ;eeprom;0x2000
CQVE;eeprom;0x200
CQVP;eeprom;0x200
CQWH;none;0x0
CQXP;eeprom;0x200
CQYD;eeprom;0x200
CQZE;eeprom;0x200
CQZP;eeprom;0x200
CR2J;eeprom;0x2000
CR3J;eeprom;0x2000
CR4P;eeprom;0x2000
CR5E;eeprom;0x200
CR5P;eeprom;0x200
CR5X;eeprom;0x200
CR5Y;eeprom;0x200
CR6J;eeprom;0x2000
CR7P;eeprom;0x2000
CR8E;eeprom;0x2000
CR8P;eeprom;0x2000
CR9J;eeprom;0x2000
CRAE;eeprom;0x200
CRAP;eeprom;0x200
CRAX;eeprom;0x200
CRBE;flash;0x40000
CRBJ;flash;0x40000
CRCE;eeprom;0x200
CRCP;eeprom;0x200
CRCU;eeprom;0x200
CRDE;eeprom;0x200
CRDP;eeprom;0x200
CREE;eeprom;0x200
CRFE;eeprom;0x2000
CRFP;eeprom;0x2000
CRGP;eeprom;0x200
CRHP;eeprom;0x2000
CRHX;eeprom;0x2000
CRIE;eeprom;0x2000
CRIJ;eeprom;0x2000
CRIK;eeprom;0x2000
CRIP;eeprom;0x2000
CRJE;eeprom;0x200
CRJP;eeprom;0x200
CRJU;eeprom;0x200
CRKE;eeprom;0x200
CRKP;eeprom;0x200
CRLE;eeprom;0x200
CRLP;eeprom;0x200
CRMJ;eeprom;0x10000
CRNF;eeprom;0x200
CRNI;eeprom;0x200
CRNP;eeprom;0x200
CROP;eeprom;0x200
CRPE;eeprom;0x200
CRQE;eeprom;0x200
CRQP;eeprom;0x200
CRQU;eeprom;0x200
CRRE;flash;0x40000
CRRJ;flash;0x40000
CRSE;eeprom;0x200
CRSP;eeprom;0x200
CRUJ;flash;0x80000
CRVP;eeprom;0x200
CRWE;eeprom;0x2000
CRWP;eeprom;0x2000
CRYE;eeprom;0x200
CRYP;eeprom;0x200
CRZE;eeprom;0x2000
CRZP;eeprom;0x2000
CRZX;eeprom;0x2000
CS2E;eeprom;0x200
CS3E;eeprom;0x10000
CS3P;eeprom;0x10000
CS4J;eeprom;0x10000
CS5E;eeprom;0x200
CS5P;eeprom;0x200
CS5X;eeprom;0x200
CS6E;eeprom;0x2000
CS6P;eeprom;0x2000
CS7J;eeprom;0x10000
CS8P;eeprom;0x10000
CS9E;eeprom;0x200
CS9K;eeprom;0x200
CS9P;eeprom;0x200
CS9X;eeprom;0x200
CSAE;eeprom;0x200
CSAP;eeprom;0x200
CSBP;eeprom;0x2000
CSCD;eeprom;0x200
CSCE;eeprom;0x200
CSCP;eeprom;0x200
CSDE;eeprom;0x200
CSDP;eeprom;0x200
CSEJ;eeprom;0x2000
CSFD;eeprom;0x200
CSGJ;eeprom;0x10000
CSHJ;eeprom;0x2000
CSIE;eeprom;0x2000
CSJJ;eeprom;0x2000
CSKJ;eeprom;0x10000
CSLE;eeprom;0x2000
CSMP;eeprom;0x10000
CSNP;eeprom;0x10000
CSOP;eeprom;0x2000
CSPE;eeprom;0x10000
CSPJ;eeprom;0x10000
CSPP;eeprom;0x10000
CSPX;eeprom;0x10000
CSQE;eeprom;0x200
CSQP;eeprom;0x200
CSRJ;eeprom;0x2000
CSSP;eeprom;0x200
CSTE;eeprom;0x200
CSUE;eeprom;0x200
CSUP;eeprom;0x200
CSVE;flash;0x40000
CSVP;flash;0x40000
CSWD;eeprom;0x200
CSWE;eeprom;0x200
CSWP;eeprom;0x200
CSWX;eeprom;0x200
CSXE;eeprom;0x200
CSYE;eeprom;0x200
CSZE;flash;0x40000
CT2J;eeprom;0x2000
CT3J;eeprom;0x10000
CT4P;eeprom;0x200
CT5K;eeprom;0x2000
CT6J;eeprom;0x2000
CT7F;eeprom;0x2000
CT7P;eeprom;0x2000
CT8J;eeprom;0x10000
CT9J;eeprom;0x2000
CTAE;eeprom;0x200
CTAP;eeprom;0x200
CTBE;flash;0x40000
CTDD;eeprom;0x2000
CTDE;eeprom;0x2000
CTDF;eeprom;0x2000
CTDP;eeprom;0x2000
CTEP;eeprom;0x200
CTFE;eeprom;0x200
CTFP;eeprom;0x200
CTGJ;eeprom;0x10000
CTHJ;eeprom;0x2000
CTID;eeprom;0x2000
CTIF;eeprom;0x2000
CTIP;eeprom;0x2000
CTIX;eeprom;0x2000
CTIY;eeprom;0x2000
CTJJ;eeprom;0x2000
CTKJ;eeprom;0x2000
CTLP;eeprom;0x10000
CTMJ;eeprom;0x2000
CTNP;eeprom;0x2000
CTOJ;eeprom;0x200
CTOP;eeprom;0x200
CTPH;eeprom;0x2000
CTQH;eeprom;0x200
CTRE;eeprom;0x10000
CTRP;eeprom;0x10000
CTSJ;eeprom;0x200
CTTJ;eeprom;0x10000
CTUJ;eeprom;0x10000
CTVP;eeprom;0x10000
CTWE;eeprom;0x200
CTWJ;eeprom;0x10000
CTWP;eeprom;0x200
CTXE;eeprom;0x200
CTYP;eeprom;0x2000
CTZD;eeprom;0x10000
CTZE;eeprom;0x10000
CTZY;eeprom;0x10000
CU2J;eeprom;0x2000
CU3E;eeprom;0x200
CU3P;eeprom;0x200
CU4P;eeprom;0x2000
CU5J;eeprom;0x2000
CU8P;eeprom;0x200
CUAE;eeprom;0x200
CUAP;eeprom;0x200
CUBE;eeprom;0x10000
CUBP;eeprom;0x10000
CUEP;eeprom;0x2000
CUFP;eeprom;0x200
CUGE;eeprom;0x2000
CUGP;eeprom;0x2000
CUHJ;eeprom;0x10000
CUIE;eeprom;0x2000
CUIP;eeprom;0x2000
CUJD;eeprom;0x2000
CUKJ;eeprom;0x2000
CULX;eeprom;0x200
CUMJ;eeprom;0x2000
CUNJ;eeprom;0x10000
CUPP;eeprom;0x2000
CUPX;eeprom;0x2000
CUQD;eeprom;0x2000
CURJ;eeprom;0x200
CUSE;eeprom;0x200
CUSP;eeprom;0x200
CUTE;eeprom;0x200
CUUJ;eeprom;0x2000
CUWJ;eeprom;0x10000
CUXE;eeprom;0x200
CUXP;eeprom;0x200
CUYE;eeprom;0x200
CUYG;eeprom;0x200
CUYI;eeprom;0x200
CUYJ;eeprom;0x200
CUYK;eeprom;0x200
CUYP;eeprom;0x200
CUYS;eeprom;0x200
CUYX;eeprom;0x200
CUYY;eeprom;0x200
CUYZ;eeprom;0x200
CUZE;eeprom;0x200
CUZP;eeprom;0x200
CV3J;eeprom;0x200
CV4E;eeprom;0x200
CV5E;eeprom;0x200
CV5J;eeprom;0x200
CV5K;eeprom;0x200
CV5P;eeprom;0x200
CV6P;eeprom;0x200
CV7E;eeprom;0x200
CV7P;eeprom;0x200
CV8E;eeprom;0x2000
CV8J;eeprom;0x2000
CV8P;eeprom;0x2000
CV9E;eeprom;0x200
CV9P;eeprom;0x200
CVAE;eeprom;0x200
CVAJ;eeprom;0x2000
CVBJ;eeprom;0x10000
CVCJ;eeprom;0x200
CVDP;eeprom;0x200
CVEJ;eeprom;0x2000
CVFP;eeprom;0x200
CVHE;eeprom;0x2000
CVHP;eeprom;0x2000
CVIE;eeprom;0x2000
CVIJ;eeprom;0x2000
CVJJ;eeprom;0x2000
CVLP;eeprom;0x200
CVME;eeprom;0x2000
CVMP;eeprom;0x2000
CVNE;eeprom;0x200
CVNP;eeprom;0x200
CVPJ;eeprom;0x2000
CVQP;eeprom;0x2000
CVRI;eeprom;0x200
CVSE;eeprom;0x200
CVSP;eeprom;0x200
CVTF;eeprom;0x200
CVTP;eeprom;0x200
CVTU;eeprom;0x200
CVTX;eeprom;0x200
CVUF;eeprom;0x200
CVUJ;eeprom;0x2000
CVVJ;eeprom;0x200
CVWP;eeprom;0x2000
CVXE;eeprom;0x2000
CVYP;eeprom;0x200
CVZJ;eeprom;0x10000
CW2J;eeprom;0x200
CW3E;eeprom;0x2000
CW4J;eeprom;0x10000
CW5P;eeprom;0x200
CW6E;eeprom;0x2000
CW6P;eeprom;0x2000
CW8E;eeprom;0x2000
CW9E;eeprom;0x200
CWAE;eeprom;0x200
CWAP;eeprom;0x200
CWBP;eeprom;0x2000
CWCJ;eeprom;0x200
CWDP;eeprom;0x10000
CWDX;eeprom;0x10000
CWEE;eeprom;0x2000
CWEP;eeprom;0x2000
CWFE;eeprom;0x2000
CWFP;eeprom;0x2000
CWGJ;eeprom;0x2000
CWHJ;eeprom;0x200
CWIE;eeprom;0x200
CWJE;eeprom;0x200
CWJP;eeprom;0x200
CWKJ;eeprom;0x10000
CWMJ;eeprom;0x10000
CWNJ;eeprom;0x2000
CWOE;eeprom;0x200
CWOP;eeprom;0x200
CWPE;eeprom;0x2000
CWPP;eeprom;0x2000
CWQE;eeprom;0x200
CWQP;eeprom;0x200
CWRP;eeprom;0x200
CWSP;eeprom;0x2000
CWTE;eeprom;0x200
CWUE;eeprom;0x200
CWUP;eeprom;0x200
CWVJ;eeprom;0x2000
CWXE;eeprom;0x200
CWXP;eeprom;0x200
CWYP;eeprom;0x10000
CX2J;eeprom;0x10000
CX3J;eeprom;0x2000
CX4J;flash;0x40000
CX5E;eeprom;0x200
CX6J;eeprom;0x2000
CX8J;eeprom;0x2000
CX9J;eeprom;0x10000
CXAF;eeprom;0x200
CXBF;eeprom;0x200
CXCF;eeprom;0x200
CXDF;eeprom;0x200
CXEF;eeprom;0x200
CXFF;eeprom;0x200
CXGE;eeprom;0x200
CXGP;eeprom;0x200
CXHE;eeprom;0x200
CXHP;eeprom;0x200
CXIJ;flash;0x40000
CXKP;eeprom;0x200
CXLP;eeprom;0x2000
CXME;eeprom;0x10000
CXMJ;eeprom;0x10000
CXNP;eeprom;0x200
CXOE;eeprom;0x200
CXOP;eeprom;0x200
CXOX;eeprom;0x200
CXPE;eeprom;0x200
CXPP;eeprom;0x200
CXRE;eeprom;0x200
CXRP;eeprom;0x200
CXRX;eeprom;0x200
CXSE;eeprom;0x200
CXSP;eeprom;0x200
CXTJ;eeprom;0x10000
CXUE;eeprom;0x2000
CXUP;eeprom;0x2000
CXVJ;eeprom;0x10000
CXWJ;eeprom;0x10000
CXXJ;eeprom;0x10000
CXYJ;eeprom;0x10000
CXZJ;eeprom;0x10000
CY2J;eeprom;0x200
CY3K;eeprom;0x10000
CY4K;eeprom;0x10000
CY5K;eeprom;0x10000
CY6K;eeprom;0x10000
CY7E;eeprom;0x2000
CY7P;eeprom;0x2000
CY8E;eeprom;0x10000
CY8J;eeprom;0x10000
CY8K;eeprom;0x10000
CY8P;eeprom;0x10000
CY9E;eeprom;0x2000
CY9P;eeprom;0x200
CY9S;eeprom;0x200
CYAJ;flash;0x80000
CYBE;eeprom;0x200
CYBP;eeprom;0x200
CYCD;eeprom;0x2000
CYCE;eeprom;0x2000
CYCF;eeprom;0x2000
CYCH;eeprom;0x2000
CYCI;eeprom;0x2000
CYCP;eeprom;0x2000
CYCS;eeprom;0x2000
CYEE;eeprom;0x10000
CYFE;eeprom;0x10000
CYFP;eeprom;0x10000
CYGJ;eeprom;0x200
CYHE;eeprom;0x2000
CYHP;eeprom;0x2000
CYIE;eeprom;0x2000
CYIP;eeprom;0x2000
CYIU;eeprom;0x2000
CYJJ;eeprom;0x2000
CYKE;eeprom;0x2000
CYKP;eeprom;0x2000
CYLP;eeprom;0x2000
CYMJ;eeprom;0x2000
CYNK;eeprom;0x2000
CYPP;eeprom;0x2000
CYQE;eeprom;0x200
CYQP;eeprom;0x200
CYQX;eeprom;0x200
CYRP;eeprom;0x200
CYSE;eeprom;0x2000
CYTJ;eeprom;0x10000
CYUE;eeprom;0x2000
CYUP;eeprom;0x2000
CYVJ;eeprom;0x2000
CYWE;eeprom;0x200
CYWJ;eeprom;0x200
CYXE;eeprom;0x200
CYXP;eeprom;0x200
CYYP;eeprom;0x200
CZ2E;eeprom;0x10000
CZ2P;eeprom;0x10000
CZ3J;eeprom;0x10000
CZ4E;eeprom;0x200
CZ4P;eeprom;0x200
CZ5J;eeprom;0x10000
CZ6J;eeprom;0x2000
CZ9E;eeprom;0x2000
CZAE;eeprom;0x2000
CZAP;eeprom;0x2000
CZAX;eeprom;0x2000
CZCJ;eeprom;0x2000
CZDJ;eeprom;0x2000
CZJP;eeprom;0x200
CZKJ;eeprom;0x2000
CZLP;eeprom;0x2000
CZME;eeprom;0x200
CZMP;eeprom;0x200
CZNE;eeprom;0x2000
CZNP;eeprom;0x2000
CZOE;eeprom;0x200
CZOP;eeprom;0x200
CZQE;eeprom;0x200
CZQP;eeprom;0x200
CZRE;eeprom;0x200
CZRP;eeprom;0x200
CZSJ;eeprom;0x200
CZTJ;eeprom;0x2000
CZVE;eeprom;0x200
CZVP;eeprom;0x200
CZWJ;eeprom;0x2000
CZXK;eeprom;0x2000
CZYJ;eeprom;0x2000
CZZK;flash;0x40000
DD3D;flash;0x40000
DD3P;flash;0x40000
DHSE;eeprom;0x10000
DHSV;eeprom;0x10000
DMDE;none;0x0
DMEE;none;0x0
DMFE;eeprom;0x200
DMFJ;eeprom;0x200
DMPP;none;0x0
DSYE;eeprom;0x200
DSYP;eeprom;0x200
IA8P;flash;0x40000
IMWE;flash;0x100000
IMWJ;flash;0x100000
IMWP;flash;0x100000
IPGD;flash;0x80000
IPGE;flash;0x80000
IPGF;flash;0x80000
IPGI;flash;0x80000
IPGJ;flash;0x80000
IPGK;flash;0x80000
IPGP;flash;0x80000
IPGS;flash;0x80000
IPKD;flash;0x80000
IPKE;flash;0x80000
IPKF;flash;0x80000
IPKI;flash;0x80000
IPKJ;flash;0x80000
IPKK;flash;0x80000
IPKP;flash;0x80000
IPKS;flash;0x80000
IRAD;flash;0x80000
IRAF;flash;0x80000
IRAI;flash;0x80000
IRAJ;flash;0x80000
IRAK;flash;0x80000
IRAO;flash;0x80000
IRAS;flash;0x80000
IRBD;flash;0x80000
IRBF;flash;0x80000
IRBI;flash;0x80000
IRBJ;flash;0x80000
IRBK;flash;0x80000
IRBO;flash;0x80000
IRBS;flash;0x80000
IRCJ;flash;0x80000
IRCK;flash;0x80000
IRDD;flash;0x80000
IRDF;flash;0x80000
IRDI;flash;0x80000
IRDJ;flash;0x80000
IRDK;flash;0x80000
IRDO;flash;0x80000
IRDS;flash;0x80000
IRED;flash;0x80000
IREF;flash;0x80000
IREI;flash;0x80000
IREJ;flash;0x80000
IREK;flash;0x80000
IREO;flash;0x80000
IRES;flash;0x80000
IRFJ;flash;0x80000
IRFK;flash;0x80000
IRGJ;flash;0x80000
IRHJ;flash;0x80000
TA8J;eeprom;0x200
TA9J;eeprom;0x200
TAAJ;flash;0x100000
TACJ;eeprom;0x2000
TADE;flash;0x40000
TADJ;flash;0x40000
TADK;flash;0x40000
TADP;flash;0x40000
TAKJ;eeprom;0x2000
TAME;eeprom;0x200
TAMP;eeprom;0x200
TAQJ;flash;0x100000
TASE;eeprom;0x200
TATE;eeprom;0x200
TAXE;eeprom;0x200
TAXP;eeprom;0x200
TB2D;eeprom;0x2000
TB4J;flash;0x80000
TB6E;eeprom;0x200
TB6P;eeprom;0x200
TB6X;eeprom;0x200
TBAE;eeprom;0x200
TBAP;eeprom;0x200
TBBP;eeprom;0x200
TBBX;eeprom;0x200
TBCJ;eeprom;0x200
TBDD;eeprom;0x2000
TBEE;eeprom;0x200
TBEP;eeprom;0x200
TBFJ;eeprom;0x10000
TBGE;eeprom;0x200
TBGP;eeprom;0x200
TBHE;eeprom;0x200
TBLD;eeprom;0x200
TBMP;eeprom;0x200
TBQJ;eeprom;0x2000
TBRE;eeprom;0x200
TBRP;eeprom;0x200
TBRY;eeprom;0x200
TBSJ;eeprom;0x2000
TBTE;eeprom;0x200
TBTP;eeprom;0x200
TBUD;eeprom;0x200
TBWJ;eeprom;0x200
TBXX;eeprom;0x2000
TBYY;eeprom;0x2000
TBZZ;eeprom;0x2000
TC2E;eeprom;0x200
TC2P;eeprom;0x200
TC2X;eeprom;0x200
TC2Y;eeprom;0x200
TC3P;eeprom;0x2000
TC4J;flash;0x100000
TC5J;eeprom;0x2000
TCBD;eeprom;0x200
TCBE;eeprom;0x200
TCBF;eeprom;0x200
TCBP;eeprom;0x200
TCBS;eeprom;0x200
TCCE;eeprom;0x200
TCCP;eeprom;0x200
TCDE;eeprom;0x200
TCDP;eeprom;0x200
TCFP;eeprom;0x2000
TCGE;eeprom;0x200
TCGI;eeprom;0x200
TCGP;eeprom;0x200
TCGX;eeprom;0x200
TCGY;eeprom;0x200
TCHJ;eeprom;0x2000
TCJJ;eeprom;0x10000
TCKJ;eeprom;0x200
TCLE;eeprom;0x200
TCLP;eeprom;0x200
TCME;eeprom;0x2000
TCMJ;eeprom;0x2000
TCMP;eeprom;0x2000
TCNE;eeprom;0x200
TCNP;eeprom;0x200
TCNX;eeprom;0x200
TCRE;eeprom;0x200
TCRP;eeprom;0x200
TCRX;eeprom;0x200
TCSE;flash;0x40000
TCTJ;flash;0x40000
TCWE;eeprom;0x200
TCWP;eeprom;0x200
TCXP;eeprom;0x200
TCYE;eeprom;0x2000
TCZE;eeprom;0x2000
TD4J;eeprom;0x200
TDBJ;eeprom;0x2000
TDDP;eeprom;0x200
TDJE;eeprom;0x200
TDTE;none;0x0
TDUE;eeprom;0x200
TDUP;eeprom;0x200
TDUX;eeprom;0x200
TDUY;eeprom;0x200
TDVE;eeprom;0x10000
TDVJ;eeprom;0x10000
TDVP;eeprom;0x10000
TECJ;flash;0x40000
TEDJ;eeprom;0x10000
TENJ;eeprom;0x2000
TERP;eeprom;0x200
TF2E;eeprom;0x200
TF4J;flash;0x40000
TFBE;eeprom;0x200
TFBP;eeprom;0x200
TFBX;eeprom;0x200
TFLJ;eeprom;0x10000
TFNE;eeprom;0x2000
TFNP;eeprom;0x2000
TFNX;eeprom;0x2000
TFNY;eeprom;0x2000
TFPJ;flash;0x40000
TFQJ;flash;0x100000
TFSJ;eeprom;0x10000
TFTJ;eeprom;0x2000
TG3D;eeprom;0x2000
TG4J;flash;0x40000
TGAP;eeprom;0x200
TGBJ;eeprom;0x2000
TGCJ;eeprom;0x10000
TGDJ;eeprom;0x2000
TGGE;eeprom;0x200
TGGP;eeprom;0x200
TGJF;eeprom;0x200
TGKJ;eeprom;0x200
TGKK;eeprom;0x200
TGPE;eeprom;0x200
TGPP;eeprom;0x200
TGRP;eeprom;0x200
TGSE;eeprom;0x200
TGTP;eeprom;0x2000
TH2E;eeprom;0x200
TH2P;eeprom;0x200
TH3J;eeprom;0x2000
THEP;eeprom;0x200
THGJ;eeprom;0x2000
THLJ;eeprom;0x2000
THMJ;flash;0x40000
THRJ;eeprom;0x10000
THTJ;eeprom;0x10000
THUE;eeprom;0x200
THUP;eeprom;0x200
THVE;eeprom;0x200
THVP;eeprom;0x200
THVX;eeprom;0x200
THVY;eeprom;0x200
THZJ;eeprom;0x2000
TJ3P;eeprom;0x200
TJ5P;eeprom;0x2000
TJ7J;eeprom;0x2000
TJ8J;eeprom;0x2000
TJ9J;eeprom;0x2000
TJAP;eeprom;0x200
TJDP;eeprom;0x200
TJDX;eeprom;0x200
TJHJ;flash;0x40000
TJLP;eeprom;0x200
TJMP;eeprom;0x200
TJMX;eeprom;0x200
TJSP;eeprom;0x200
TJSX;eeprom;0x200
TK2J;eeprom;0x200
TK3H;eeprom;0x200
TK5J;eeprom;0x10000
TK9J;eeprom;0x10000
TKAH;eeprom;0x200
TKDJ;eeprom;0x2000
TKFJ;flash;0x40000
TKGJ;eeprom;0x2000
TKLE;eeprom;0x10000
TKMJ;flash;0x40000
TKNJ;eeprom;0x2000
TKSE;eeprom;0x2000
TKTJ;eeprom;0x2000
TKZJ;eeprom;0x2000
TLAP;eeprom;0x200
TLBD;eeprom;0x200
TLCD;eeprom;0x200
TLDP;eeprom;0x200
TLEP;eeprom;0x200
TLFP;eeprom;0x200
TLGD;eeprom;0x200
TLHP;eeprom;0x200
TLJE;eeprom;0x2000
TLJP;eeprom;0x2000
TLKE;eeprom;0x2000
TLKP;eeprom;0x2000
TLLE;eeprom;0x200
TLMD;eeprom;0x200
TLME;eeprom;0x200
TLMF;eeprom;0x200
TLMP;eeprom;0x200
TLND;eeprom;0x2000
TLPE;eeprom;0x200
TLQD;eeprom;0x2000
TLRE;eeprom;0x200
TLRP;eeprom;0x200
TLRW;eeprom;0x200
TLRX;eeprom;0x200
TLRY;eeprom;0x200
TLRZ;eeprom;0x200
TLSE;eeprom;0x200
TLSP;eeprom;0x200
TLTJ;eeprom;0x10000
TLUE;eeprom;0x200
TLUP;eeprom;0x200
TLVE;eeprom;0x2000
TLVP;eeprom;0x2000
TLWP;eeprom;0x2000
TLXJ;eeprom;0x2000
TM3E;eeprom;0x200
TM3P;eeprom;0x200
TM4J;eeprom;0x2000
TM5X;eeprom;0x2000
TM6E;eeprom;0x200
TM6P;eeprom;0x200
TM7P;eeprom;0x2000
TMAP;eeprom;0x200
TMCP;eeprom;0x10000
TMDP;eeprom;0x10000
TMED;eeprom;0x2000
TMGP;eeprom;0x10000
TMHE;eeprom;0x200
TMHP;eeprom;0x200
TMJI;eeprom;0x200
TMJX;eeprom;0x200
TMJY;eeprom;0x200
TMKJ;eeprom;0x2000
TMLE;eeprom;0x2000
TMNE;eeprom;0x2000
TMNP;eeprom;0x2000
TMPJ;eeprom;0x10000
TMQP;eeprom;0x2000
TMSE;eeprom;0x200
TMSP;eeprom;0x200
TMTE;eeprom;0x10000
TMTP;eeprom;0x10000
TMUP;eeprom;0x10000
TMVP;eeprom;0x10000
TMVX;eeprom;0x10000
TMWP;eeprom;0x200
TMXJ;eeprom;0x10000
TMYP;eeprom;0x200
TMYX;eeprom;0x200
TMZP;eeprom;0x2000
TN3J;flash;0x40000
TN7J;flash;0x40000
TNBP;eeprom;0x200
TNRJ;eeprom;0x10000
TP2J;eeprom;0x2000
TP4J;eeprom;0x2000
TPAE;eeprom;0x200
TPAP;eeprom;0x200
TPBP;eeprom;0x2000
TPCJ;eeprom;0x2000
TPDD;eeprom;0x200
TPDE;eeprom;0x200
TPDF;eeprom;0x200
TPDP;eeprom;0x200
TPDX;eeprom;0x200
TPDY;eeprom;0x200
TPFE;eeprom;0x200
TPFP;eeprom;0x200
TPGJ;eeprom;0x10000
TPHJ;flash;0x40000
TPLP;eeprom;0x200
TPPJ;flash;0x100000
TPQJ;eeprom;0x2000
TPRP;eeprom;0x200
TPSJ;flash;0x40000
TPTE;eeprom;0x200
TPTP;eeprom;0x200
TPTX;eeprom;0x200
TPTY;eeprom;0x200
TPTZ;eeprom;0x200
TPUE;eeprom;0x200
TPUP;eeprom;0x200
TPWP;eeprom;0x2000
TPXP;eeprom;0x2000
TPZD;eeprom;0x2000
TQ3P;eeprom;0x2000
TQ5J;eeprom;0x200
TQ5K;eeprom;0x200
TQ8J;flash;0x40000
TQ9J;flash;0x40000
TQAJ;flash;0x40000
TQBJ;eeprom;0x10000
TQCJ;flash;0x40000
TQDJ;eeprom;0x10000
TQEJ;eeprom;0x10000
TQFJ;eeprom;0x10000
TQGJ;flash;0x40000
TQHJ;flash;0x40000
TQJJ;eeprom;0x10000
TQKJ;eeprom;0x10000
TQLJ;eeprom;0x10000
TQMJ;flash;0x40000
TQNJ;eeprom;0x10000
TQSP;eeprom;0x200
TQTP;eeprom;0x2000
TQUP;eeprom;0x200
TQUY;eeprom;0x200
TR2E;eeprom;0x2000
TR2P;eeprom;0x2000
TR3D;eeprom;0x2000
TR4D;eeprom;0x200
TRAP;eeprom;0x200
TRBF;eeprom;0x200
TRCE;eeprom;0x200
TRCP;eeprom;0x200
TRGJ;eeprom;0x2000
TRHP;eeprom;0x200
TRHX;eeprom;0x200
TRRE;eeprom;0x200
TRRP;eeprom;0x200
TRWE;eeprom;0x2000
TRWP;eeprom;0x2000
TRYE;eeprom;0x200
TRYP;eeprom;0x200
TRZE;eeprom;0x2000
UBRE;flash;0x40000
UBRJ;flash;0x40000
UBRP;flash;0x40000
UEIJ;eeprom;0x2000
UNSJ;flash;0x40000
UZCJ;flash;0x2000000
UZPD;flash;0x20000
UZPF;flash;0x20000
UZPI;flash;0x20000
UZPJ;flash;0x20000
UZPP;flash;0x20000
UZPS;flash;0x20000
V29J;flash;0x40000
V2GE;flash;0x80000
V2GJ;flash;0x80000
V2GV;flash;0x80000
V3JP;eeprom;0x200
V3RJ;eeprom;0x10000
V9AE;none;0x0
V9AJ;none;0x0
V9AV;none;0x0
V9BJ;none;0x0
VAAE;flash;0x800000
VAAJ;flash;0x800000
VAAK;flash;0x800000
VAAV;flash;0x800000
VACE;eeprom;0x2000
VACV;eeprom;0x2000
VADP;eeprom;0x200
VAEP;eeprom;0x200
VAFP;eeprom;0x200
VALE;eeprom;0x2000
VALV;eeprom;0x2000
VAMP;eeprom;0x200
VANJ;flash;0x100000
VAOE;eeprom;0x200
VAOP;eeprom;0x200
VAOV;eeprom;0x200
VAOX;eeprom;0x200
VASP;eeprom;0x200
VATE;flash;0x40000
VATV;flash;0x40000
VAVE;eeprom;0x200
VAVJ;eeprom;0x200
VAVV;eeprom;0x200
VB2E;eeprom;0x2000
VB2P;eeprom;0x2000
VB3E;eeprom;0x2000
VB3P;eeprom;0x2000
VBAE;eeprom;0x200
VBAV;eeprom;0x200
VBLE;eeprom;0x2000
VBLV;eeprom;0x2000
VBMP;eeprom;0x200
VBRE;eeprom;0x200
VBRP;eeprom;0x200
VBSE;eeprom;0x200
VBSV;eeprom;0x200
VBTE;eeprom;0x2000
VBTP;eeprom;0x2000
VBTU;eeprom;0x2000
VBTX;eeprom;0x2000
VBVE;eeprom;0x200
VBVS;eeprom;0x200
VBVV;eeprom;0x200
VC2E;eeprom;0x200
VC2V;eeprom;0x200
VC6E;eeprom;0x2000
VC6V;eeprom;0x2000
VCAE;eeprom;0x200
VCAJ;eeprom;0x200
VCAV;eeprom;0x200
VCAW;eeprom;0x200
VCAX;eeprom;0x200
VCAY;eeprom;0x200
VCAZ;eeprom;0x200
VCDE;eeprom;0x2000
VCDJ;eeprom;0x2000
VCDV;eeprom;0x2000
VCGE;eeprom;0x2000
VCGJ;eeprom;0x2000
VCKD;eeprom;0x2000
VCKE;eeprom;0x2000
VCKF;eeprom;0x2000
VCKH;eeprom;0x2000
VCKI;eeprom;0x2000
VCKS;eeprom;0x2000
VCKV;eeprom;0x2000
VCME;eeprom;0x2000
VCMP;eeprom;0x2000
VCMV;eeprom;0x2000
VCPJ;eeprom;0x10000
VCTJ;eeprom;0x10000
VCTK;eeprom;0x10000
VCWE;eeprom;0x2000
VCWF;eeprom;0x2000
VCWV;eeprom;0x2000
VD2E;eeprom;0x200
VD2V;eeprom;0x200
VD4E;eeprom;0x200
VD4P;eeprom;0x200
VDEE;flash;0x80000
VDEJ;flash;0x80000
VDWP;eeprom;0x200
VDXE;eeprom;0x200
VEBJ;flash;0x100000
VELE;eeprom;0x10000
VELV;eeprom;0x10000
VEMP;eeprom;0x200
VESE;eeprom;0x200
VESP;eeprom;0x200
VESV;eeprom;0x200
VESX;eeprom;0x200
VETP;flash;0x100000
VFBE;eeprom;0x200
VFDV;eeprom;0x2000
VFNE;eeprom;0x2000
VFOD;eeprom;0x2000
VFSE;eeprom;0x10000
VFSV;eeprom;0x10000
VFUJ;flash;0x40000
VFZE;eeprom;0x200
VFZV;eeprom;0x200
VG3D;eeprom;0x2000
VGED;eeprom;0x2000
VGRE;eeprom;0x200
VGRV;eeprom;0x200
VGYE;eeprom;0x2000
VH9E;eeprom;0x2000
VH9V;eeprom;0x2000
VHDD;eeprom;0x2000
VHDF;eeprom;0x2000
VHRJ;eeprom;0x2000
VHWE;eeprom;0x2000
VHWV;eeprom;0x2000
VHWX;eeprom;0x2000
VHYJ;flash;0x80000
VI2J;flash;0x40000
VICE;eeprom;0x2000
VICP;eeprom;0x2000
VICU;eeprom;0x2000
VIDE;eeprom;0x2000
VIDV;eeprom;0x2000
VIFE;eeprom;0x2000
VIFV;eeprom;0x2000
VIJE;eeprom;0x10000
VIJV;eeprom;0x10000
VIMJ;eeprom;0x10000
VJ2P;eeprom;0x200
VJ3E;eeprom;0x200
VJ3P;eeprom;0x200
VJ3V;eeprom;0x200
VJ4E;eeprom;0x200
VJ4P;eeprom;0x200
VJ4V;eeprom;0x200
VJ5P;eeprom;0x200
VJ6E;eeprom;0x200
VJ6P;eeprom;0x200
VJ6V;eeprom;0x200
VJCE;eeprom;0x200
VJSE;eeprom;0x10000
VJTE;eeprom;0x200
VJTP;eeprom;0x200
VJVE;eeprom;0x200
VJVP;eeprom;0x200
VJVV;eeprom;0x200
VJWE;eeprom;0x10000
VJWV;eeprom;0x10000
VK5J;eeprom;0x10000
VKGE;flash;0x40000
VKGJ;flash;0x40000
VKHE;eeprom;0x2000
VKHP;eeprom;0x2000
VKNJ;eeprom;0x10000
VKPJ;flash;0x40000
VKUE;eeprom;0x200
VKUV;eeprom;0x200
VKUY;eeprom;0x200
VL3J;flash;0x40000
VLAE;eeprom;0x2000
VLAV;eeprom;0x2000
VLCE;eeprom;0x2000
VLCJ;eeprom;0x2000
VLIP;eeprom;0x200
VLIV;eeprom;0x200
VLMP;eeprom;0x200
VM2E;eeprom;0x2000
VM2V;eeprom;0x2000
VM2X;eeprom;0x2000
VM4E;eeprom;0x200
VM4P;eeprom;0x200
VMAD;eeprom;0x200
VMCE;eeprom;0x200
VMCV;eeprom;0x200
VMEE;eeprom;0x200
VMEF;eeprom;0x200
VMEP;eeprom;0x200
VMGE;eeprom;0x2000
VMKV;eeprom;0x10000
VMMJ;eeprom;0x10000
VMOE;eeprom;0x10000
VMTJ;eeprom;0x2000
VMYE;eeprom;0x200
VMYV;eeprom;0x200
VMZE;eeprom;0x200
VMZP;eeprom;0x200
VMZV;eeprom;0x200
VMZX;eeprom;0x200
VMZY;eeprom;0x200
VOSJ;flash;0x100000
VP4J;flash;0x80000
VP9E;eeprom;0x200
VP9V;eeprom;0x200
VP9X;eeprom;0x200
VP9Y;eeprom;0x200
VPEE;eeprom;0x200
VPEV;eeprom;0x200
VPEX;eeprom;0x200
VPEY;eeprom;0x200
VPFE;eeprom;0x2000
VPFV;eeprom;0x200
VPGJ;eeprom;0x2000
VPIE;eeprom;0x2000
VPIP;eeprom;0x2000
VPIU;eeprom;0x2000
VPLJ;flash;0x80000
VPOD;eeprom;0x2000
VPPE;eeprom;0x200
VPPV;eeprom;0x200
VPTJ;flash;0x80000
VPVE;eeprom;0x2000
VPVV;eeprom;0x2000
VPWE;flash;0x100000
VPYJ;flash;0x40000
VPYP;flash;0x40000
VPYT;flash;0x40000
VRGE;eeprom;0x2000
VRGV;eeprom;0x2000
VRIE;eeprom;0x200
VRIV;eeprom;0x200
VRPE;eeprom;0x200
VRPV;eeprom;0x200
VRSP;eeprom;0x200
VS3E;flash;0x40000
VS3V;flash;0x40000
VS5E;eeprom;0x2000
VSAJ;eeprom;0x10000
VSGE;eeprom;0x10000
VSGP;eeprom;0x10000
VSKE;eeprom;0x200
VSKI;eeprom;0x200
VSKV;eeprom;0x200
VSKX;eeprom;0x200
VSKY;eeprom;0x200
VSNE;eeprom;0x2000
VSNV;eeprom;0x2000
VSOE;eeprom;0x10000
VSOV;eeprom;0x10000
VSPE;eeprom;0x2000
VT3E;eeprom;0x2000
VT3J;eeprom;0x200
VT3V;eeprom;0x200
VT3X;eeprom;0x200
VT3Z;eeprom;0x2000
VT4E;eeprom;0x10000
VT4V;eeprom;0x10000
VTEE;eeprom;0x2000
VTEV;eeprom;0x2000
VTEX;eeprom;0x2000
VTIE;eeprom;0x200
VTIP;eeprom;0x200
VTIV;eeprom;0x200
VTPV;eeprom;0x2000
VTTP;eeprom;0x200
VVFE;eeprom;0x10000
VVNP;eeprom;0x2000
VWVE;eeprom;0x200
VWVP;eeprom;0x200
VWVV;eeprom;0x200
VXHJ;eeprom;0x2000
VYFE;eeprom;0x200
VYFP;eeprom;0x200
VYFX;eeprom;0x200
VYGP;eeprom;0x200
VYGX;eeprom;0x200
VYLP;eeprom;0x200
VYLX;eeprom;0x200
VZUE;eeprom;0x2000
VZUV;eeprom;0x2000
Y22J;none;0x0
Y23E;none;0x0
Y23J;none;0x0
Y25J;none;0x0
Y26J;none;0x0
Y27J;none;0x0
Y28E;none;0x0
Y28J;none;0x0
Y28K;none;0x0
Y28P;none;0x0
Y29J;eeprom;0x200
Y2AJ;none;0x0
Y2BJ;none;0x0
Y2CJ;none;0x0
Y2DJ;none;0x0
Y2FJ;none;0x0
Y2FP;none;0x0
Y2GJ;none;0x0
Y2HJ;none;0x0
Y2HP;none;0x0
Y2IJ;none;0x0
Y2JE;none;0x0
Y2JJ;none;0x0
Y2JP;none;0x0
Y2KJ;none;0x0
Y2LE;none;0x0
Y2ME;none;0x0
Y2MJ;none;0x0
Y2MK;none;0x0
Y2MP;none;0x0
Y2NJ;none;0x0
Y2OJ;none;0x0
Y2PP;none;0x0
Y2QJ;none;0x0
Y2RJ;none;0x0
Y2UJ;none;0x0
Y2VJ;none;0x0
Y2WE;none;0x0
Y2WJ;none;0x0
Y2WP;none;0x0
Y2YP;none;0x0
Y2ZJ;none;0x0
Y32J;none;0x0
Y33J;none;0x0
Y34J;none;0x0
Y35J;none;0x0
Y36E;none;0x0
Y36J;none;0x0
Y37E;eeprom;0x200
Y39J;none;0x0
Y3AJ;none;0x0
Y3BJ;none;0x0
Y3CJ;none;0x0
Y3DJ;none;0x0
Y3EJ;none;0x0
Y3FJ;none;0x0
Y3HK;none;0x0
Y3IJ;none;0x0
Y3JJ;none;0x0
Y3KJ;none;0x0
Y3LJ;none;0x0
Y3MJ;none;0x0
Y3NJ;none;0x0
Y3NK;none;0x0
Y3PK;none;0x0
Y3QJ;none;0x0
Y3RJ;none;0x0
Y3VJ;none;0x0
Y3WJ;none;0x0
Y3XJ;none;0x0
Y3YJ;none;0x0
Y42J;none;0x0
Y43J;none;0x0
Y44E;none;0x0
Y44U;none;0x0
Y45J;none;0x0
Y47J;none;0x0
Y48K;none;0x0
Y49E;none;0x0
Y49P;none;0x0
Y4AJ;none;0x0
Y4AK;none;0x0
Y4AP;none;0x0
Y4BJ;none;0x0
Y4CE;none;0x0
Y4CJ;none;0x0
Y4CK;none;0x0
Y4CP;none;0x0
Y4EJ;none;0x0
Y4FJ;none;0x0
Y4GE;none;0x0
Y4GK;none;0x0
Y4GP;none;0x0
Y4HJ;none;0x0
Y4IE;none;0x0
Y4IJ;none;0x0
Y4KJ;none;0x0
Y4LJ;none;0x0
Y4MJ;none;0x0
Y4OJ;none;0x0
Y4PJ;none;0x0
Y4QJ;none;0x0
Y4RE;none;0x0
Y4RJ;none;0x0
Y4RK;none;0x0
Y4RP;none;0x0
Y4SE;none;0x0
Y4SJ;none;0x0
Y4TJ;none;0x0
Y4UE;none;0x0
Y4UJ;none;0x0
Y4UP;none;0x0
Y4WJ;none;0x0
Y4YE;none;0x0
Y4YJ;none;0x0
Y4YK;none;0x0
Y52E;none;0x0
Y52J;none;0x0
Y52K;none;0x0
Y54E;none;0x0
Y54J;none;0x0
Y54K;none;0x0
Y54P;none;0x0
Y54X;none;0x0
Y55P;none;0x0
Y56E;none;0x0
Y56P;none;0x0
Y56X;none;0x0
Y57J;none;0x0
Y58E;none;0x0
Y58J;none;0x0
Y58U;none;0x0
Y59J;none;0x0
Y5AJ;none;0x0
Y5BJ;none;0x0
Y5DJ;none;0x0
Y5EE;none;0x0
Y5EJ;none;0x0
Y5GE;none;0x0
Y5GP;none;0x0
Y5HE;none;0x0
Y5HJ;none;0x0
Y5HK;none;0x0
Y5IJ;none;0x0
Y5JE;none;0x0
Y5OE;none;0x0
Y5OJ;none;0x0
Y5RE;none;0x0
Y5RP;none;0x0
Y5RX;none;0x0
Y5SE;none;0x0
Y5SJ;none;0x0
Y5TE;none;0x0
Y5UE;none;0x0
Y5VE;none;0x0
Y5WP;none;0x0
Y5XJ;none;0x0
Y5XP;none;0x0
Y5YE;none;0x0
Y5YJ;none;0x0
Y62J;none;0x0
Y64J;none;0x0
Y65J;none;0x0
Y68J;none;0x0
Y69J;none;0x0
Y6AJ;none;0x0
Y6BJ;none;0x0
Y6CJ;none;0x0
Y6DE;none;0x0
Y6EJ;none;0x0
Y6FE;none;0x0
Y6FJ;none;0x0
Y6HJ;none;0x0
Y6IJ;none;0x0
Y6JJ;none;0x0
Y6KJ;none;0x0
Y6LJ;none;0x0
Y6MK;none;0x0
Y6OE;none;0x0
Y6PE;none;0x0
Y6PJ;none;0x0
Y6PK;none;0x0
Y6PP;none;0x0
Y6QJ;none;0x0
Y6RE;none;0x0
Y6SE;none;0x0
Y6SJ;none;0x0
Y6SP;none;0x0
Y6TJ;none;0x0
Y6UE;none;0x0
Y6UJ;none;0x0
Y6UP;none;0x0
Y6WJ;none;0x0
Y6XE;none;0x0
Y6XJ;none;0x0
Y6XK;none;0x0
Y6XP;none;0x0
Y6XU;none;0x0
Y6YJ;none;0x0
Y6ZD;none;0x0
Y6ZE;none;0x0
Y6ZF;none;0x0
Y6ZH;none;0x0
Y6ZI;none;0x0
Y6ZP;none;0x0
Y6ZS;none;0x0
Y72J;none;0x0
Y73E;none;0x0
Y75J;none;0x0
Y76J;none;0x0
Y77K;none;0x0
Y78P;none;0x0
Y79F;none;0x0
Y79P;none;0x0
Y7AJ;none;0x0
Y7BJ;none;0x0
Y7CD;none;0x0
Y7CF;none;0x0
Y7CH;none;0x0
Y7CI;none;0x0
Y7CP;none;0x0
Y7CS;none;0x0
Y7DE;none;0x0
Y7EJ;none;0x0
Y7FJ;none;0x0
Y7GE;none;0x0
Y7GK;none;0x0
Y7GP;none;0x0
Y7HJ;none;0x0
Y7IJ;none;0x0
Y7JJ;none;0x0
Y7KJ;none;0x0
Y7LJ;none;0x0
Y7MJ;none;0x0
Y7NJ;none;0x0
Y7OJ;none;0x0
Y7OK;none;0x0
Y7PJ;none;0x0
Y7QJ;eeprom;0x2000
Y7SE;none;0x0
Y7SJ;none;0x0
Y7SP;none;0x0
Y7UJ;none;0x0
Y7VJ;none;0x0
Y7WE;eeprom;0x200
Y7WP;eeprom;0x200
Y7XJ;none;0x0
Y7YE;none;0x0
Y7YU;none;0x0
Y7YZ;none;0x0
Y7ZJ;none;0x0
Y82E;none;0x0
Y83E;none;0x0
Y85P;none;0x0
Y85Z;none;0x0
Y86P;none;0x0
Y87J;none;0x0
Y87K;none;0x0
Y87P;none;0x0
Y89K;none;0x0
Y8AE;none;0x0
Y8AJ;none;0x0
Y8AP;none;0x0
Y8BJ;none;0x0
Y8CE;none;0x0
Y8CJ;none;0x0
Y8CK;none;0x0
Y8CP;none;0x0
Y8DE;eeprom;0x2000
Y8EE;none;0x0
Y8FE;none;0x0
Y8FP;none;0x0
Y8GE;none;0x0
Y8HJ;none;0x0
Y8IE;none;0x0
Y8JJ;none;0x0
Y8KJ;none;0x0
Y8KP;none;0x0
Y8LE;none;0x0
Y8LJ;none;0x0
Y8LP;none;0x0
Y8MJ;none;0x0
Y8NJ;none;0x0
Y8OJ;none;0x0
Y8PE;none;0x0
Y8QJ;none;0x0
Y8QP;none;0x0
Y8RJ;none;0x0
Y8SE;none;0x0
Y8TK;none;0x0
Y9BD;none;0x0
Y9BF;none;0x0
Y9BH;none;0x0
Y9BI;none;0x0
Y9BP;none;0x0
Y9BS;none;0x0
Y9EL;none;0x0
Y9FL;none;0x0
Y9GJ;none;0x0
Y9HE;none;0x0
Y9HJ;none;0x0
Y9HK;none;0x0
Y9JZ;none;0x0
Y9KK;none;0x0
Y9LJ;none;0x0
Y9MJ;none;0x0
Y9NJ;none;0x0
Y9OE;none;0x0
Y9OP;none;0x0
Y9OZ;none;0x0
YA2J;eeprom;0x200
YA3E;eeprom;0x200
YA3P;eeprom;0x200
YA7E;eeprom;0x2000
YA7P;eeprom;0x2000
YA8E;eeprom;0x2000
YA8P;eeprom;0x2000
YA9P;eeprom;0x200
YAAE;eeprom;0x2000
YAAJ;eeprom;0x2000
YAAP;eeprom;0x2000
YABE;eeprom;0x200
YACJ;eeprom;0x10000
YADP;none;0x0
YAEJ;eeprom;0x2000
YAFE;eeprom;0x2000
YAFP;eeprom;0x2000
YAGE;eeprom;0x200
YAGF;eeprom;0x200
YAGP;eeprom;0x200
YAHE;eeprom;0x2000
YAHP;eeprom;0x2000
YAIE;eeprom;0x200
YAIP;eeprom;0x200
YAJE;eeprom;0x2000
YAKD;eeprom;0x2000
YAKF;eeprom;0x2000
YAKP;eeprom;0x2000
YALJ;eeprom;0x10000
YAME;eeprom;0x200
YAMP;eeprom;0x200
YANJ;eeprom;0x2000
YAPP;eeprom;0x200
YAQJ;eeprom;0x10000
YARE;eeprom;0x200
YASE;flash;0x40000
YASJ;flash;0x40000
YATE;eeprom;0x2000
YATF;eeprom;0x2000
YATP;eeprom;0x2000
YAUE;eeprom;0x10000
YAUP;eeprom;0x10000
YAUX;eeprom;0x10000
YAVD;eeprom;0x2000
YAVE;eeprom;0x2000
YAVP;eeprom;0x2000
YAVX;eeprom;0x2000
YAWE;eeprom;0x2000
YAWJ;eeprom;0x2000
YAWP;eeprom;0x2000
YAXP;eeprom;0x2000
YAYD;eeprom;0x200
YAYE;eeprom;0x200
YAYJ;eeprom;0x200
YAYP;eeprom;0x200
YAYX;eeprom;0x200
YAYY;eeprom;0x200
YAZE;eeprom;0x200
YAZP;eeprom;0x200
YB2E;eeprom;0x2000
YB2J;eeprom;0x2000
YB2P;eeprom;0x2000
YB3E;flash;0x40000
YB3J;flash;0x40000
YB3P;flash;0x40000
YB4D;eeprom;0x200
YB4E;eeprom;0x200
YB4F;eeprom;0x200
YB4H;eeprom;0x200
YB4I;eeprom;0x200
YB4P;eeprom;0x200
YB4S;eeprom;0x200
YB5D;eeprom;0x2000
YB5E;eeprom;0x2000
YB5P;eeprom;0x2000
YB5X;eeprom;0x2000
YB6J;eeprom;0x2000
YB7E;eeprom;0x2000
YB7P;eeprom;0x2000
YB8J;eeprom;0x10000
YB9D;eeprom;0x10000
YB9E;eeprom;0x10000
YB9P;eeprom;0x10000
YB9X;eeprom;0x10000
YB9Y;eeprom;0x10000
YBAJ;eeprom;0x2000
YBAP;eeprom;0x2000
YBBP;eeprom;0x200
YBBX;eeprom;0x200
YBBY;eeprom;0x200
YBBZ;eeprom;0x200
YBCE;eeprom;0x2000
YBCP;eeprom;0x2000
YBDJ;eeprom;0x2000
YBEY;eeprom;0x10000
YBEZ;eeprom;0x10000
YBFJ;eeprom;0x10000
YBGP;eeprom;0x200
YBHF;eeprom;0x2000
YBHP;eeprom;0x2000
YBIJ;eeprom;0x2000
YBJP;eeprom;0x200
YBLE;eeprom;0x200
YBLP;eeprom;0x200
YBMJ;eeprom;0x2000
YBND;flash;0x100000
YBNE;flash;0x100000
YBNF;flash;0x100000
YBNJ;flash;0x100000
YBNP;flash;0x100000
YBOE;eeprom;0x10000
YBOP;eeprom;0x10000
YBPE;eeprom;0x200
YBPP;eeprom;0x200
YBPX;eeprom;0x200
YBQP;eeprom;0x2000
YBRE;eeprom;0x200
YBRJ;eeprom;0x200
YBRP;eeprom;0x200
YBSJ;eeprom;0x10000
YBTE;eeprom;0x10000
YBTJ;eeprom;0x10000
YBTP;eeprom;0x10000
YBUD;eeprom;0x10000
YBUE;eeprom;0x10000
YBUF;eeprom;0x10000
YBUI;eeprom;0x10000
YBUJ;eeprom;0x10000
YBUP;eeprom;0x10000
YBUS;eeprom;0x10000
YBVE;eeprom;0x2000
YBWE;eeprom;0x2000
YBWP;eeprom;0x2000
YBXE;eeprom;0x200
YBXP;eeprom;0x200
YBYE;eeprom;0x200
YBYP;eeprom;0x200
YBYX;eeprom;0x200
YBZE;eeprom;0x200
YBZP;eeprom;0x200
YC2E;flash;0x80000
YC2J;flash;0x80000
YC2K;flash;0x80000
YC2P;flash;0x80000
YC3K;flash;0x80000
YC4J;eeprom;0x10000
YC5E;none;0x0
YC5P;none;0x0
YC6J;eeprom;0x10000
YC7J;eeprom;0x2000
YC8E;eeprom;0x2000
YC8J;eeprom;0x2000
YC8P;eeprom;0x2000
YCBJ;eeprom;0x200
YCCJ;eeprom;0x2000
YCDF;eeprom;0x200
YCDX;eeprom;0x200
YCEE;eeprom;0x2000
YCEP;eeprom;0x2000
YCGE;eeprom;0x200
YCHJ;flash;0x40000
YCIE;eeprom;0x200
YCIP;eeprom;0x200
YCJP;flash;0x40000
YCLF;eeprom;0x2000
YCMD;eeprom;0x200
YCME;eeprom;0x200
YCMI;eeprom;0x200
YCMP;eeprom;0x200
YCMS;eeprom;0x200
YCMX;eeprom;0x200
YCNJ;eeprom;0x200
YCOD;eeprom;0x200
YCOE;eeprom;0x200
YCOF;eeprom;0x200
YCOI;eeprom;0x200
YCOJ;eeprom;0x200
YCOK;eeprom;0x200
YCOP;eeprom;0x200
YCOS;eeprom;0x200
YCPJ;eeprom;0x200
YCQE;eeprom;0x2000
YCQJ;eeprom;0x2000
YCQP;eeprom;0x2000
YCRF;eeprom;0x200
YCSE;eeprom;0x200
YCSP;eeprom;0x200
YCTE;eeprom;0x200
YCTJ;eeprom;0x200
YCUE;eeprom;0x10000
YCUP;eeprom;0x10000
YCVE;eeprom;0x10000
YCVP;eeprom;0x10000
YCWJ;eeprom;0x2000
YCXE;eeprom;0x2000
YCXJ;eeprom;0x2000
YCYE;eeprom;0x200
YCYP;eeprom;0x200
YCZP;eeprom;0x200
YD2E;eeprom;0x10000
YD2P;eeprom;0x10000
YD4P;flash;0x40000
YD5J;eeprom;0x2000
YD5K;eeprom;0x2000
YD7J;eeprom;0x2000
YD8J;eeprom;0x10000
YDAJ;eeprom;0x10000
YDCE;eeprom;0x10000
YDCJ;eeprom;0x10000
YDDE;eeprom;0x200
YDDJ;eeprom;0x200
YDDP;eeprom;0x200
YDFF;eeprom;0x200
YDGK;flash;0x40000
YDHE;flash;0x40000
YDHP;flash;0x40000
YDIE;eeprom;0x2000
YDIJ;eeprom;0x2000
YDIK;eeprom;0x2000
YDJE;eeprom;0x200
YDKJ;eeprom;0x2000
YDLE;eeprom;0x200
YDME;eeprom;0x2000
YDMP;eeprom;0x2000
YDNJ;eeprom;0x2000
YDOJ;eeprom;0x2000
YDPJ;eeprom;0x200
YDPP;eeprom;0x200
YDQE;eeprom;0x10000
YDQJ;eeprom;0x10000
YDQP;eeprom;0x10000
YDRE;eeprom;0x200
YDRP;eeprom;0x200
YDRX;eeprom;0x200
YDRY;eeprom;0x200
YDSJ;eeprom;0x2000
YDTE;eeprom;0x10000
YDTJ;eeprom;0x10000
YDTP;eeprom;0x10000
YDUJ;eeprom;0x10000
YDVE;eeprom;0x2000
YDVP;eeprom;0x2000
YDWE;flash;0x40000
YDWJ;flash;0x40000
YDWK;flash;0x40000
YDWP;flash;0x40000
YDXP;eeprom;0x200
YDYP;eeprom;0x200
YDZJ;eeprom;0x2000
YDZK;eeprom;0x2000
YDZP;eeprom;0x2000
YE2J;eeprom;0x2000
YE3J;eeprom;0x2000
YE4F;eeprom;0x200
YE4H;eeprom;0x200
YE6J;eeprom;0x10000
YE7F;eeprom;0x200
YE9J;eeprom;0x10000
YE9K;eeprom;0x10000
YEAE;eeprom;0x10000
YEAJ;eeprom;0x10000
YEBJ;eeprom;0x2000
YECE;eeprom;0x200
YECJ;eeprom;0x200
YECP;eeprom;0x200
YEDE;eeprom;0x200
YEDP;eeprom;0x200
YEED;eeprom;0x10000
YEEF;eeprom;0x10000
YEEI;eeprom;0x10000
YEEJ;eeprom;0x10000
YEEP;eeprom;0x10000
YEES;eeprom;0x10000
YEFE;eeprom;0x2000
YEGJ;eeprom;0x10000
YEHP;eeprom;0x200
YEIJ;eeprom;0x2000
YEJP;eeprom;0x2000
YEKE;flash;0x40000
YEKJ;flash;0x40000
YELJ;eeprom;0x200
YEMJ;eeprom;0x10000
YEMP;eeprom;0x10000
YENP;eeprom;0x200
YENX;eeprom;0x200
YEOJ;eeprom;0x10000
YEOK;eeprom;0x10000
YEPE;eeprom;0x2000
YEQE;eeprom;0x200
YEQP;eeprom;0x200
YEQX;eeprom;0x200
YEQY;eeprom;0x200
YERE;eeprom;0x10000
YERJ;eeprom;0x10000
YERK;eeprom;0x10000
YERP;eeprom;0x10000
YESJ;eeprom;0x10000
YETE;eeprom;0x200
YETP;eeprom;0x200
YEUF;eeprom;0x200
YEVF;eeprom;0x200
YEWJ;eeprom;0x200
YEXE;eeprom;0x2000
YEXJ;eeprom;0x2000
YEXK;eeprom;0x2000
YEXP;eeprom;0x2000
YEYH;eeprom;0x200
YEZJ;eeprom;0x2000
YF2J;eeprom;0x10000
YF3E;eeprom;0x2000
YF3P;eeprom;0x2000
YF4E;eeprom;0x10000
YF4J;eeprom;0x10000
YF4P;eeprom;0x10000
YF5D;eeprom;0x200
YF6J;eeprom;0x10000
YF7E;eeprom;0x2000
YF7P;eeprom;0x2000
YF8E;eeprom;0x10000
YF8K;eeprom;0x10000
YF8P;eeprom;0x10000
YF9E;eeprom;0x200
YF9P;eeprom;0x200
YFAJ;eeprom;0x10000
YFBF;eeprom;0x200
YFCE;eeprom;0x2000
YFCP;eeprom;0x2000
YFEE;flash;0x40000
YFEJ;flash;0x40000
YFEP;flash;0x40000
YFFP;eeprom;0x200
YFGP;eeprom;0x200
YFHE;eeprom;0x2000
YFHP;eeprom;0x2000
YFIE;eeprom;0x200
YFIP;eeprom;0x200
YFJJ;eeprom;0x10000
YFKJ;eeprom;0x2000
YFLJ;eeprom;0x10000
YFME;eeprom;0x10000
YFMJ;eeprom;0x10000
YFMP;eeprom;0x10000
YFPE;eeprom;0x200
YFQJ;eeprom;0x2000
YFRE;eeprom;0x200
YFRP;eeprom;0x200
YFSJ;eeprom;0x2000
YFTE;flash;0x40000
YFTJ;flash;0x40000
YFTK;flash;0x40000
YFTP;flash;0x40000
YFUJ;eeprom;0x2000
YFWE;eeprom;0x200
YFXE;eeprom;0x200
YFXP;eeprom;0x200
YFYE;flash;0x40000
YFYJ;flash;0x40000
YFYK;flash;0x40000
YFYP;flash;0x40000
YG2E;eeprom;0x200
YG2J;eeprom;0x200
YG2P;eeprom;0x200
YG3E;eeprom;0x10000
YG3J;eeprom;0x10000
YG3P;eeprom;0x10000
YG3X;eeprom;0x10000
YG3Y;eeprom;0x10000
YG4E;eeprom;0x10000
YG4J;eeprom;0x10000
YG4K;eeprom;0x10000
YG4P;eeprom;0x10000
YG5K;eeprom;0x10000
YG6E;eeprom;0x2000
YG6P;eeprom;0x2000
YG7J;eeprom;0x2000
YG8E;flash;0x40000
YG8J;flash;0x40000
YG8K;flash;0x40000
YG8P;flash;0x40000
YGAF;eeprom;0x200
YGAP;eeprom;0x200
YGBJ;eeprom;0x2000
YGCE;eeprom;0x2000
YGCP;eeprom;0x2000
YGDE;eeprom;0x10000
YGDP;flash;0x40000
YGEJ;eeprom;0x2000
YGFE;eeprom;0x200
YGFP;eeprom;0x200
YGHE;eeprom;0x200
YGHJ;eeprom;0x200
YGHK;eeprom;0x200
YGHP;eeprom;0x200
YGHX;eeprom;0x200
YGIH;eeprom;0x2000
YGIP;eeprom;0x2000
YGJE;eeprom;0x200
YGJP;eeprom;0x200
YGKJ;flash;0x80000
YGLE;eeprom;0x2000
YGLP;eeprom;0x2000
YGMJ;eeprom;0x2000
YGNP;eeprom;0x2000
YGOP;eeprom;0x200
YGPJ;eeprom;0x10000
YGQE;eeprom;0x2000
YGQP;eeprom;0x2000
YGRJ;eeprom;0x2000
YGSE;eeprom;0x10000
YGSP;eeprom;0x10000
YGTE;eeprom;0x200
YGTP;eeprom;0x200
YGUJ;eeprom;0x2000
YGVJ;eeprom;0x2000
YGWE;eeprom;0x200
YGWP;eeprom;0x200
YGXE;eeprom;0x2000
YGXJ;eeprom;0x2000
YGXP;eeprom;0x2000
YGYJ;eeprom;0x2000
YGZP;eeprom;0x200
YH2E;eeprom;0x10000
YH2P;eeprom;0x10000
YH2X;eeprom;0x10000
YH3J;eeprom;0x2000
YH4J;eeprom;0x200
YH5J;eeprom;0x2000
YH6J;eeprom;0x200
YH7J;eeprom;0x200
YH9J;eeprom;0x2000
YHAJ;eeprom;0x10000
YHBJ;eeprom;0x10000
YHCE;eeprom;0x200
YHCP;eeprom;0x200
YHDE;eeprom;0x200
YHDP;eeprom;0x200
YHEJ;eeprom;0x10000
YHFE;eeprom;0x2000
YHFP;eeprom;0x2000
YHGJ;eeprom;0x10000
YHHJ;eeprom;0x2000
YHIJ;eeprom;0x200
YHJJ;eeprom;0x10000
YHKJ;eeprom;0x2000
YHLE;eeprom;0x10000
YHLJ;eeprom;0x10000
YHLP;eeprom;0x10000
YHMJ;eeprom;0x10000
YHNE;eeprom;0x10000
YHNJ;eeprom;0x10000
YHNP;eeprom;0x10000
YHOJ;eeprom;0x2000
YHPJ;eeprom;0x2000
YHQJ;eeprom;0x10000
YHRE;eeprom;0x2000
YHSE;eeprom;0x10000
YHSP;eeprom;0x10000
YHTJ;eeprom;0x200
YHUE;eeprom;0x200
YHUP;none;0x0
YHVD;eeprom;0x200
YHVF;eeprom;0x200
YHWE;eeprom;0x200
YHWP;eeprom;0x200
YHWX;eeprom;0x200
YHXE;eeprom;0x200
YHXP;eeprom;0x200
YHYP;eeprom;0x200
YHZE;eeprom;0x2000
YHZP;eeprom;0x2000
YI2P;eeprom;0x200
YI3E;eeprom;0x2000
YI3P;eeprom;0x2000
YI5E;eeprom;0x2000
YI6I;eeprom;0x2000
YI7D;eeprom;0x2000
YI8E;eeprom;0x200
YIAE;eeprom;0x200
YIBE;eeprom;0x200
YIBP;eeprom;0x200
YICE;eeprom;0x2000
YIDE;flash;0x40000
YIEF;eeprom;0x2000
YIES;eeprom;0x2000
YIFE;eeprom;0x2000
YIFP;eeprom;0x2000
YIFS;eeprom;0x2000
YIGP;eeprom;0x200
YIHE;eeprom;0x2000
YIHP;eeprom;0x2000
YIIE;eeprom;0x200
YIIJ;eeprom;0x200
YIIP;eeprom;0x200
YIJF;eeprom;0x2000
YIJP;eeprom;0x2000
YIKE;flash;0x40000
YIKJ;flash;0x40000
YILJ;eeprom;0x2000
YIME;eeprom;0x200
YIMP;eeprom;0x200
YINJ;eeprom;0x200
YIOP;eeprom;0x200
YIPJ;eeprom;0x200
YIQJ;eeprom;0x2000
YIRE;eeprom;0x200
YISE;eeprom;0x2000
YISF;eeprom;0x2000
YISP;eeprom;0x2000
YITE;eeprom;0x200
YIUD;eeprom;0x200
YIVE;eeprom;0x10000
YIVJ;eeprom;0x10000
YIVP;eeprom;0x10000
YIWF;eeprom;0x200
YIXJ;eeprom;0x10000
YIYE;eeprom;0x200
YIYP;eeprom;0x200
YIZE;eeprom;0x2000
YIZJ;eeprom;0x2000
YJ2E;eeprom;0x2000
YJ2P;eeprom;0x2000
YJ3J;eeprom;0x2000
YJ4J;eeprom;0x2000
YJ5P;eeprom;0x2000
YJ7J;eeprom;0x2000
YJ8D;eeprom;0x2000
YJ9E;flash;0x40000
YJ9J;flash;0x40000
YJ9P;flash;0x40000
YJAE;eeprom;0x2000
YJAJ;eeprom;0x2000
YJBE;eeprom;0x200
YJBJ;eeprom;0x200
YJBP;eeprom;0x200
YJCE;eeprom;0x2000
YJCP;eeprom;0x2000
YJDE;eeprom;0x2000
YJDP;eeprom;0x2000
YJEE;eeprom;0x200
YJEP;eeprom;0x200
YJFP;eeprom;0x2000
YJGE;eeprom;0x2000
YJGJ;eeprom;0x2000
YJHJ;eeprom;0x2000
YJJJ;eeprom;0x2000
YJKE;eeprom;0x2000
YJKP;eeprom;0x2000
YJLE;eeprom;0x2000
YJLP;eeprom;0x2000
YJLX;eeprom;0x2000
YJLY;eeprom;0x2000
YJME;eeprom;0x2000
YJMP;eeprom;0x2000
YJNJ;eeprom;0x2000
YJPF;eeprom;0x200
YJPH;eeprom;0x200
YJPS;eeprom;0x200
YJPU;eeprom;0x200
YJQD;eeprom;0x200
YJQE;eeprom;0x200
YJQP;eeprom;0x200
YJQX;eeprom;0x200
YJRJ;eeprom;0x2000
YJSJ;eeprom;0x2000
YJTJ;eeprom;0x2000
YJUE;eeprom;0x2000
YJUJ;eeprom;0x2000
YJVD;eeprom;0x2000
YJVE;eeprom;0x2000
YJWE;eeprom;0x200
YJWP;eeprom;0x200
YJXP;eeprom;0x200
YJYD;eeprom;0x200
YJYF;eeprom;0x200
YJYP;eeprom;0x200
YJZE;flash;0x40000
YJZJ;flash;0x40000
YJZP;flash;0x40000
YJZX;flash;0x40000
YJZY;flash;0x40000
YK2J;eeprom;0x10000
YK3J;eeprom;0x10000
YK3P;eeprom;0x10000
YK4J;eeprom;0x2000
YK6E;none;0x0
YK6J;eeprom;0x10000
YK6P;none;0x0
YK7J;eeprom;0x2000
YK8J;eeprom;0x10000
YK9J;eeprom;0x2000
YKAJ;eeprom;0x10000
YKBE;eeprom;0x10000
YKBJ;eeprom;0x10000
YKBK;eeprom;0x10000
YKCJ;eeprom;0x2000
YKDJ;flash;0x40000
YKEJ;eeprom;0x2000
YKFD;eeprom;0x200
YKFE;eeprom;0x200
YKFF;eeprom;0x200
YKFH;eeprom;0x200
YKFI;eeprom;0x200
YKFJ;eeprom;0x200
YKFK;eeprom;0x200
YKFL;eeprom;0x200
YKFM;eeprom;0x200
YKFP;eeprom;0x200
YKFS;eeprom;0x200
YKGE;eeprom;0x10000
YKGJ;eeprom;0x10000
YKGP;eeprom;0x10000
YKHE;flash;0x40000
YKHJ;flash;0x40000
YKIJ;eeprom;0x10000
YKJJ;eeprom;0x2000
YKKJ;eeprom;0x2000
YKMJ;flash;0x40000
YKNJ;eeprom;0x2000
YKOJ;flash;0x80000
YKPX;eeprom;0x200
YKQJ;eeprom;0x10000
YKRJ;flash;0x40000
YKTJ;eeprom;0x2000
YKUJ;eeprom;0x10000
YKVJ;eeprom;0x10000
YKWE;eeprom;0x10000
YKWJ;eeprom;0x10000
YKWK;eeprom;0x10000
YKWP;eeprom;0x10000
YKXJ;eeprom;0x2000
YKYJ;eeprom;0x2000
YKZJ;eeprom;0x2000
YL2E;eeprom;0x10000
YL2J;eeprom;0x10000
YL2P;eeprom;0x10000
YL3E;eeprom;0x2000
YL3J;eeprom;0x2000
YL3P;eeprom;0x2000
YL4J;eeprom;0x2000
YL5J;eeprom;0x10000
YL6J;eeprom;0x200
YL6K;eeprom;0x200
YL7J;eeprom;0x10000
YL8E;eeprom;0x200
YL8F;eeprom;0x200
YL8H;eeprom;0x200
YL8I;eeprom;0x200
YL8P;eeprom;0x200
YL9J;eeprom;0x10000
YLAD;eeprom;0x2000
YLAF;eeprom;0x2000
YLAH;eeprom;0x2000
YLAI;eeprom;0x2000
YLAP;eeprom;0x2000
YLAU;eeprom;0x2000
YLBE;eeprom;0x2000
YLDE;flash;0x40000
YLDJ;flash;0x40000
YLDP;flash;0x40000
YLEE;eeprom;0x200
YLEJ;eeprom;0x200
YLEP;eeprom;0x200
YLFP;eeprom;0x200
YLGE;eeprom;0x200
YLGJ;eeprom;0x200
YLGP;eeprom;0x200
YLHE;eeprom;0x2000
YLHJ;eeprom;0x2000
YLIE;eeprom;0x2000
YLIJ;eeprom;0x2000
YLIP;eeprom;0x2000
YLJE;eeprom;0x200
YLJJ;eeprom;0x200
YLJP;eeprom;0x200
YLKE;eeprom;0x2000
YLKJ;eeprom;0x2000
YLKP;eeprom;0x2000
YLLJ;eeprom;0x2000
YLMP;eeprom;0x2000
YLNE;eeprom;0x2000
YLNP;eeprom;0x2000
YLPE;eeprom;0x2000
YLPJ;eeprom;0x2000
YLPP;eeprom;0x2000
YLQF;eeprom;0x200
YLRE;eeprom;0x2000
YLSJ;eeprom;0x200
YLTD;eeprom;0x2000
YLTE;eeprom;0x2000
YLTF;eeprom;0x2000
YLTH;eeprom;0x2000
YLTI;eeprom;0x2000
YLTJ;eeprom;0x2000
YLTK;eeprom;0x2000
YLTP;eeprom;0x2000
YLTS;eeprom;0x2000
YLUJ;flash;0x40000
YLUP;flash;0x40000
YLVJ;eeprom;0x2000
YLVK;eeprom;0x2000
YLWP;eeprom;0x200
YLXE;eeprom;0x200
YLXP;eeprom;0x200
YLYE;eeprom;0x2000
YLYP;eeprom;0x2000
YLZE;eeprom;0x2000
YLZJ;eeprom;0x2000
YLZK;eeprom;0x2000
YLZP;eeprom;0x2000
YLZX;eeprom;0x2000
YM2E;eeprom;0x200
YM3J;eeprom;0x2000
YM4J;eeprom;0x2000
YM6P;eeprom;0x200
YM7E;eeprom;0x2000
YM7J;eeprom;0x2000
YM7K;eeprom;0x2000
YM7P;eeprom;0x2000
YM8J;eeprom;0x2000
YM9E;eeprom;0x200
YM9P;eeprom;0x200
YM9X;eeprom;0x200
YMAJ;eeprom;0x2000
YMBE;eeprom;0x200
YMCE;eeprom;0x200
YMDJ;eeprom;0x10000
YMEJ;eeprom;0x2000
YMFE;eeprom;0x10000
YMFP;eeprom;0x10000
YMHJ;eeprom;0x10000
YMJE;eeprom;0x200
YMJJ;eeprom;0x200
YMJP;eeprom;0x200
YMKJ;eeprom;0x200
YMLF;eeprom;0x200
YMME;eeprom;0x200
YMMP;eeprom;0x200
YMNP;eeprom;0x2000
YMOE;eeprom;0x200
YMOP;eeprom;0x200
YMOX;eeprom;0x200
YMPJ;flash;0x40000
YMPK;flash;0x40000
YMQX;eeprom;0x200
YMQY;eeprom;0x200
YMRP;eeprom;0x200
YMSJ;flash;0x40000
YMTP;eeprom;0x2000
YMTX;eeprom;0x2000
YMTZ;eeprom;0x2000
YMUD;eeprom;0x2000
YMUE;eeprom;0x2000
YMUP;eeprom;0x2000
YMVE;eeprom;0x200
YMVJ;eeprom;0x200
YMWP;eeprom;0x2000
YMXD;eeprom;0x200
YMXE;eeprom;0x200
YMXP;eeprom;0x200
YMXX;eeprom;0x200
YMYE;eeprom;0x2000
YMYP;flash;0x40000
YMZE;eeprom;0x200
YN2J;eeprom;0x10000
YN3J;eeprom;0x10000
YN4J;eeprom;0x10000
YN5E;eeprom;0x2000
YN6J;eeprom;0x10000
YN7J;eeprom;0x10000
YN8J;eeprom;0x10000
YN9J;eeprom;0x2000
YNAJ;eeprom;0x2000
YNBJ;eeprom;0x2000
YNDE;eeprom;0x200
YNED;eeprom;0x2000
YNGE;eeprom;0x10000
YNGJ;eeprom;0x10000
YNGK;eeprom;0x10000
YNGP;eeprom;0x10000
YNHJ;eeprom;0x10000
YNIE;eeprom;0x2000
YNIP;eeprom;0x2000
YNJE;eeprom;0x200
YNJP;eeprom;0x200
YNKE;eeprom;0x2000
YNKJ;eeprom;0x2000
YNKP;eeprom;0x2000
YNLE;eeprom;0x200
YNLP;eeprom;0x200
YNLX;eeprom;0x200
YNLY;eeprom;0x200
YNLZ;eeprom;0x200
YNME;eeprom;0x2000
YNMJ;eeprom;0x2000
YNMP;eeprom;0x2000
YNNE;eeprom;0x10000
YNNJ;eeprom;0x10000
YNNP;eeprom;0x10000
YNOK;eeprom;0x10000
YNPE;eeprom;0x2000
YNPK;eeprom;0x10000
YNPP;eeprom;0x2000
YNQJ;eeprom;0x2000
YNRJ;eeprom;0x2000
YNRK;eeprom;0x2000
YNTJ;eeprom;0x200
YNUJ;eeprom;0x10000
YNVJ;eeprom;0x2000
YNWE;eeprom;0x200
YNWP;eeprom;0x200
YNXE;eeprom;0x2000
YNYE;eeprom;0x200
YNYP;eeprom;0x200
YNZE;eeprom;0x2000
YNZJ;eeprom;0x2000
YNZP;eeprom;0x2000
YO2J;eeprom;0x2000
YO3J;eeprom;0x200
YO4J;eeprom;0x2000
YO5J;eeprom;0x10000
YO6J;eeprom;0x200
YO7J;eeprom;0x2000
YO8E;eeprom;0x10000
YO8P;eeprom;0x10000
YO9J;eeprom;0x10000
YOAJ;eeprom;0x2000
YOCJ;eeprom;0x2000
YODJ;eeprom;0x2000
YOEE;flash;0x40000
YOEP;flash;0x40000
YOFJ;eeprom;0x10000
YOGE;eeprom;0x10000
YOGJ;eeprom;0x10000
YOGP;eeprom;0x10000
YOHJ;eeprom;0x2000
YOJJ;eeprom;0x2000
YOKJ;eeprom;0x2000
YOLJ;eeprom;0x2000
YOMJ;eeprom;0x2000
YONE;eeprom;0x10000
YONJ;eeprom;0x10000
YONP;eeprom;0x10000
YOOJ;eeprom;0x10000
YOPE;eeprom;0x200
YOQJ;eeprom;0x2000
YOSJ;eeprom;0x2000
YOTJ;eeprom;0x10000
YOUF;eeprom;0x200
YOVE;eeprom;0x200
YOWJ;eeprom;0x2000
YOXJ;eeprom;0x10000
YOYJ;eeprom;0x2000
YOZP;eeprom;0x2000
YP2E;flash;0x40000
YP2J;flash;0x40000
YP2P;flash;0x40000
YP3P;none;0x0
YP4E;eeprom;0x2000
YP4J;eeprom;0x2000
YP4P;eeprom;0x2000
YP5E;eeprom;0x200
YP5P;eeprom;0x200
YP5X;eeprom;0x200
YP6P;eeprom;0x200
YP7J;none;0x0
YP8E;eeprom;0x200
YP8P;eeprom;0x200
YP9E;eeprom;0x10000
YP9J;eeprom;0x10000
YP9P;eeprom;0x10000
YPBJ;eeprom;0x10000
YPDJ;flash;0x40000
YPDK;eeprom;0x10000
YPDP;eeprom;0x10000
YPEJ;eeprom;0x2000
YPFF;eeprom;0x200
YPGE;eeprom;0x2000
YPGK;eeprom;0x10000
YPGP;eeprom;0x2000
YPHE;eeprom;0x2000
YPIE;eeprom;0x10000
YPIJ;eeprom;0x10000
YPIP;eeprom;0x10000
YPJJ;flash;0x40000
YPKJ;eeprom;0x2000
YPLD;eeprom;0x200
YPLE;eeprom;0x200
YPLP;eeprom;0x200
YPLX;eeprom;0x200
YPNE;eeprom;0x200
YPOE;eeprom;0x10000
YPOJ;eeprom;0x10000
YPOP;eeprom;0x10000
YPPJ;eeprom;0x200
YPQJ;eeprom;0x200
YPRE;eeprom;0x2000
YPRP;eeprom;0x2000
YPSJ;eeprom;0x2000
YPTE;flash;0x40000
YPTJ;flash;0x40000
YPTP;flash;0x40000
YPUP;none;0x0
YPVE;eeprom;0x200
YPVP;eeprom;0x200
YPXF;eeprom;0x10000
YPXI;eeprom;0x10000
YPXP;eeprom;0x10000
YPZP;eeprom;0x200
YPZX;eeprom;0x200
YPZY;eeprom;0x200
YQ2J;eeprom;0x2000
YQ3D;eeprom;0x2000
YQ3E;eeprom;0x2000
YQ3F;eeprom;0x2000
YQ3H;eeprom;0x2000
YQ3I;eeprom;0x2000
YQ3P;eeprom;0x2000
YQ3S;eeprom;0x2000
YQ4J;eeprom;0x2000
YQ4P;eeprom;0x2000
YQ5J;eeprom;0x2000
YQ8J;eeprom;0x10000
YQAE;eeprom;0x2000
YQBE;eeprom;0x200
YQBP;eeprom;0x200
YQCD;eeprom;0x200
YQCE;eeprom;0x200
YQCP;eeprom;0x200
YQCX;eeprom;0x200
YQDJ;eeprom;0x2000
YQEE;eeprom;0x2000
YQFE;eeprom;0x2000
YQFP;eeprom;0x2000
YQGE;eeprom;0x2000
YQHJ;eeprom;0x2000
YQIE;eeprom;0x2000
YQJK;flash;0x40000
YQKE;eeprom;0x200
YQKP;eeprom;0x200
YQLE;eeprom;0x2000
YQLP;eeprom;0x2000
YQMJ;eeprom;0x2000
YQNE;eeprom;0x2000
YQNJ;eeprom;0x2000
YQNP;eeprom;0x2000
YQNX;eeprom;0x2000
YQNY;eeprom;0x2000
YQOP;eeprom;0x200
YQPE;eeprom;0x2000
YQPJ;eeprom;0x2000
YQRP;eeprom;0x200
YQSE;eeprom;0x2000
YQSP;eeprom;0x2000
YQTE;eeprom;0x2000
YQUE;eeprom;0x10000
YQUJ;eeprom;0x10000
YQUP;eeprom;0x10000
YQVE;eeprom;0x200
YQVP;eeprom;0x200
YQWP;eeprom;0x200
YQXE;eeprom;0x200
YQXP;eeprom;0x200
YQYJ;eeprom;0x2000
YQZJ;eeprom;0x200
YR2P;eeprom;0x10000
YR3J;eeprom;0x10000
YR4J;eeprom;0x10000
YR5E;eeprom;0x2000
YR5P;eeprom;0x2000
YR5X;eeprom;0x2000
YR5Y;eeprom;0x2000
YR6E;eeprom;0x2000
YR6P;eeprom;0x2000
YR6X;eeprom;0x2000
YR7J;eeprom;0x2000
YR7P;eeprom;0x2000
YR8E;eeprom;0x2000
YR8P;eeprom;0x2000
YR9E;eeprom;0x2000
YR9J;eeprom;0x2000
YR9K;eeprom;0x2000
YR9P;eeprom;0x2000
YRAE;eeprom;0x200
YRBE;eeprom;0x10000
YRBJ;eeprom;0x10000
YRBK;eeprom;0x10000
YRCJ;eeprom;0x2000
YRCK;eeprom;0x2000
YRCS;eeprom;0x2000
YRDE;eeprom;0x200
YRDP;eeprom;0x200
YREJ;eeprom;0x2000
YRFE;eeprom;0x2000
YRFP;eeprom;0x2000
YRGJ;eeprom;0x2000
YRHJ;eeprom;0x200
YRIE;eeprom;0x2000
YRIP;eeprom;0x2000
YRIX;eeprom;0x2000
YRJP;eeprom;0x2000
YRLE;eeprom;0x200
YRLP;eeprom;0x200
YRME;eeprom;0x10000
YRMP;eeprom;0x10000
YROE;eeprom;0x2000
YROJ;eeprom;0x2000
YROK;eeprom;0x2000
YROP;eeprom;0x2000
YRQE;eeprom;0x200
YRQP;eeprom;0x200
YRRE;eeprom;0x2000
YRRP;eeprom;0x2000
YRTE;eeprom;0x2000
YRTP;eeprom;0x2000
YRTX;eeprom;0x2000
YRTY;eeprom;0x2000
YRUJ;eeprom;0x200
YRUP;eeprom;0x200
YRVE;flash;0x40000
YRVJ;flash;0x40000
YRVP;flash;0x40000
YRWE;flash;0x40000
YRWJ;flash;0x40000
YRWP;flash;0x40000
YRXJ;eeprom;0x2000
YRYJ;eeprom;0x200
YRZP;eeprom;0x2000
YS2E;flash;0x40000
YS2J;flash;0x40000
YS2K;flash;0x40000
YS2P;flash;0x40000
YS3E;eeprom;0x200
YS3P;eeprom;0x200
YS4J;eeprom;0x2000
YS5E;eeprom;0x200
YS5P;eeprom;0x200
YS6E;flash;0x40000
YS6J;flash;0x40000
YS6P;flash;0x40000
YS7D;eeprom;0x200
YS7E;eeprom;0x200
YS7P;eeprom;0x200
YS8E;eeprom;0x200
YS8P;eeprom;0x200
YS9J;eeprom;0x10000
YSAE;eeprom;0x2000
YSAP;eeprom;0x2000
YSAX;eeprom;0x2000
YSAY;eeprom;0x2000
YSBP;eeprom;0x2000
YSCD;eeprom;0x200
YSCE;eeprom;0x200
YSCX;eeprom;0x200
YSDJ;flash;0x40000
YSFD;eeprom;0x200
YSFE;eeprom;0x200
YSFF;eeprom;0x200
YSFI;eeprom;0x200
YSFP;eeprom;0x200
YSFS;eeprom;0x200
YSHE;eeprom;0x200
YSJP;eeprom;0x200
YSKJ;eeprom;0x10000
YSLE;flash;0x40000
YSLJ;flash;0x40000
YSMJ;eeprom;0x10000
YSNP;eeprom;0x2000
YSOP;eeprom;0x2000
YSPE;flash;0x40000
YSPJ;flash;0x40000
YSPK;flash;0x40000
YSPP;flash;0x40000
YSQE;eeprom;0x2000
YSQP;eeprom;0x2000
YSRD;flash;0x40000
YSRE;flash;0x40000
YSRF;flash;0x40000
YSRI;flash;0x40000
YSRJ;flash;0x40000
YSRP;flash;0x40000
YSRS;flash;0x40000
YSSE;eeprom;0x10000
YSSJ;eeprom;0x10000
YSTE;eeprom;0x200
YSTJ;eeprom;0x200
YSTK;eeprom;0x200
YSTP;eeprom;0x200
YSUJ;eeprom;0x10000
YSVJ;eeprom;0x10000
YSWE;eeprom;0x200
YSXE;eeprom;0x200
YSXP;eeprom;0x200
YSYE;eeprom;0x200
YSYP;eeprom;0x200
YSZD;eeprom;0x200
YSZE;eeprom;0x200
YSZF;eeprom;0x200
YSZI;eeprom;0x200
YSZP;eeprom;0x200
YSZS;eeprom;0x200
YT2E;eeprom;0x200
YT2P;eeprom;0x200
YT3E;eeprom;0x10000
YT3J;eeprom;0x10000
YT3P;eeprom;0x10000
YT4E;eeprom;0x200
YT5P;eeprom;0x2000
YT6J;eeprom;0x10000
YT7E;eeprom;0x2000
YT7P;eeprom;0x2000
YT8E;eeprom;0x2000
YT8P;eeprom;0x2000
YT9E;eeprom;0x10000
YT9P;eeprom;0x10000
YTAX;eeprom;0x200
YTAY;eeprom;0x200
YTBJ;eeprom;0x2000
YTCJ;eeprom;0x2000
YTDD;eeprom;0x2000
YTEE;eeprom;0x10000
YTEP;eeprom;0x10000
YTFJ;eeprom;0x2000
YTGJ;eeprom;0x2000
YTHJ;eeprom;0x2000
YTIJ;eeprom;0x2000
YTJE;eeprom;0x2000
YTKJ;eeprom;0x10000
YTLE;eeprom;0x2000
YTLH;eeprom;0x2000
YTLP;eeprom;0x2000
YTME;eeprom;0x2000
YTMJ;eeprom;0x2000
YTMP;eeprom;0x2000
YTNJ;eeprom;0x2000
YTOJ;eeprom;0x2000
YTPP;eeprom;0x200
YTQX;eeprom;0x200
YTRE;eeprom;0x200
YTRJ;eeprom;0x200
YTRP;eeprom;0x200
YTSP;eeprom;0x200
YTTJ;eeprom;0x2000
YTUJ;eeprom;0x2000
YTVE;eeprom;0x10000
YTVP;eeprom;0x10000
YTWJ;eeprom;0x2000
YTXJ;eeprom;0x2000
YTZE;eeprom;0x200
YTZP;eeprom;0x200
YU2J;flash;0x40000
YU2P;eeprom;0x10000
YU3J;eeprom;0x200
YU3P;eeprom;0x200
YU4J;eeprom;0x10000
YU5J;eeprom;0x2000
YU6E;eeprom;0x2000
YU6J;eeprom;0x2000
YU6P;eeprom;0x2000
YU9J;eeprom;0x2000
YUAJ;eeprom;0x200
YUBE;eeprom;0x2000
YUBP;eeprom;0x2000
YUCD;eeprom;0x2000
YUDJ;flash;0x40000
YUFJ;eeprom;0x2000
YUGJ;eeprom;0x10000
YUHE;eeprom;0x2000
YUIE;eeprom;0x2000
YUIJ;eeprom;0x2000
YUIP;eeprom;0x2000
YUJJ;eeprom;0x200
YUKE;eeprom;0x200
YUKP;eeprom;0x200
YUKX;eeprom;0x200
YULJ;eeprom;0x2000
YUMJ;eeprom;0x2000
YUNJ;eeprom;0x10000
YUOJ;eeprom;0x10000
YUPJ;eeprom;0x2000
YUQJ;eeprom;0x2000
YURJ;eeprom;0x10000
YUSE;eeprom;0x200
YUSF;eeprom;0x200
YUSP;eeprom;0x200
YUTE;eeprom;0x2000
YUTP;eeprom;0x2000
YUUJ;eeprom;0x2000
YUVJ;eeprom;0x10000
YUWP;eeprom;0x2000
YUXE;eeprom;0x10000
YUXJ;eeprom;0x10000
YUXP;eeprom;0x10000
YUYF;eeprom;0x200
YV2J;eeprom;0x2000
YV3P;eeprom;0x200
YV3X;eeprom;0x200
YV4E;eeprom;0x10000
YV4J;eeprom;0x10000
YV4P;eeprom;0x10000
YV5E;eeprom;0x10000
YV5J;eeprom;0x10000
YV5P;eeprom;0x10000
YV6J;eeprom;0x200
YV7J;eeprom;0x200
YV8J;eeprom;0x200
YV9J;eeprom;0x200
YVBJ;eeprom;0x2000
YVCE;eeprom;0x2000
YVDJ;eeprom;0x2000
YVFP;eeprom;0x200
YVGJ;eeprom;0x2000
YVHJ;eeprom;0x10000
YVIE;eeprom;0x10000
YVIJ;eeprom;0x10000
YVIP;eeprom;0x10000
YVJE;eeprom;0x200
YVJP;eeprom;0x200
YVJX;eeprom;0x200
YVKK;eeprom;0x2000
YVLJ;eeprom;0x10000
YVNJ;eeprom;0x2000
YVOJ;eeprom;0x2000
YVPE;eeprom;0x10000
YVPJ;eeprom;0x10000
YVPP;eeprom;0x10000
YVRJ;eeprom;0x2000
YVSE;eeprom;0x10000
YVSJ;eeprom;0x10000
YVSK;eeprom;0x10000
YVSP;eeprom;0x10000
YVTD;eeprom;0x200
YVTE;eeprom;0x200
YVTP;eeprom;0x200
YVUJ;flash;0x40000
YVVJ;eeprom;0x200
YVWJ;eeprom;0x10000
YVXJ;eeprom;0x2000
YVYJ;eeprom;0x200
YVZJ;eeprom;0x200
YW2E;flash;0x40000
YW2J;flash;0x40000
YW2P;flash;0x40000
YW3E;eeprom;0x200
YW3J;eeprom;0x200
YW3P;eeprom;0x200
YW4E;eeprom;0x10000
YW4J;eeprom;0x10000
YW4K;eeprom;0x10000
YW4P;eeprom;0x10000
YW5P;none;0x0
YW6J;eeprom;0x2000
YW7E;eeprom;0x200
YW7P;eeprom;0x200
YW8E;flash;0x40000
YW8J;flash;0x40000
YW8P;flash;0x40000
YW9E;eeprom;0x200
YW9K;eeprom;0x200
YW9P;eeprom;0x200
YW9X;eeprom;0x200
YWBE;eeprom;0x2000
YWBP;eeprom;0x2000
YWCE;eeprom;0x2000
YWCP;eeprom;0x2000
YWDE;eeprom;0x2000
YWDP;eeprom;0x2000
YWDW;eeprom;0x2000
YWDX;eeprom;0x2000
YWDZ;eeprom;0x2000
YWEJ;eeprom;0x2000
YWFJ;eeprom;0x10000
YWGD;eeprom;0x200
YWHP;eeprom;0x200
YWIJ;eeprom;0x2000
YWJE;eeprom;0x2000
YWJF;eeprom;0x2000
YWJP;eeprom;0x2000
YWKE;eeprom;0x2000
YWKP;eeprom;0x2000
YWLE;eeprom;0x200
YWLJ;eeprom;0x200
YWLK;eeprom;0x200
YWLP;eeprom;0x200
YWLW;eeprom;0x200
YWLX;eeprom;0x200
YWLY;eeprom;0x200
YWLZ;eeprom;0x200
YWNF;eeprom;0x200
YWOP;eeprom;0x200
YWPJ;eeprom;0x2000
YWPK;eeprom;0x2000
YWQE;eeprom;0x200
YWRE;eeprom;0x200
YWRP;eeprom;0x200
YWSE;eeprom;0x10000
YWTD;eeprom;0x200
YWTX;eeprom;0x200
YWUJ;eeprom;0x200
YWVJ;eeprom;0x2000
YWWJ;eeprom;0x2000
YWXP;eeprom;0x2000
YWYH;eeprom;0x2000
YWZE;eeprom;0x200
YWZJ;eeprom;0x200
YWZP;eeprom;0x200
YX2J;eeprom;0x2000
YX2K;eeprom;0x2000
YX7J;eeprom;0x10000
YX8E;eeprom;0x200
YX8P;eeprom;0x200
YX8X;eeprom;0x200
YX9J;eeprom;0x10000
YXAJ;eeprom;0x10000
YXBJ;eeprom;0x10000
YXCJ;eeprom;0x10000
YXDJ;eeprom;0x10000
YXEJ;eeprom;0x10000
YXFJ;eeprom;0x10000
YXGJ;eeprom;0x10000
YXHJ;eeprom;0x10000
YXIJ;eeprom;0x10000
YXJJ;flash;0x40000
YXKJ;flash;0x40000
YXLJ;flash;0x40000
YXMJ;eeprom;0x10000
YXNJ;eeprom;0x10000
YXOJ;flash;0x40000
YXPJ;eeprom;0x10000
YXQJ;eeprom;0x10000
YXSJ;eeprom;0x10000
YXTJ;eeprom;0x10000
YXUJ;eeprom;0x10000
YXVP;eeprom;0x200
YXWJ;eeprom;0x10000
YXXE;eeprom;0x2000
YXXJ;eeprom;0x2000
YXXP;eeprom;0x2000
YXYE;eeprom;0x200
YY2F;eeprom;0x200
YY3J;eeprom;0x2000
YY4J;eeprom;0x10000
YY5J;eeprom;0x10000
YY6J;none;0x0
YY7F;eeprom;0x200
YY8J;eeprom;0x2000
YY8K;eeprom;0x2000
YY9J;eeprom;0x2000
YYAJ;eeprom;0x10000
YYBE;flash;0x40000
YYBJ;flash;0x40000
YYBP;flash;0x40000
YYCE;eeprom;0x200
YYCP;eeprom;0x200
YYEP;eeprom;0x2000
YYFF;eeprom;0x200
YYGJ;eeprom;0x2000
YYHP;eeprom;0x200
YYIH;eeprom;0x200
YYJE;eeprom;0x2000
YYJJ;eeprom;0x2000
YYKE;eeprom;0x2000
YYKJ;eeprom;0x2000
YYLP;eeprom;0x2000
YYLX;eeprom;0x2000
YYLY;eeprom;0x2000
YYLZ;eeprom;0x2000
YYMJ;eeprom;0x10000
YYNJ;eeprom;0x200
YYQJ;eeprom;0x2000
YYRE;eeprom;0x200
YYRJ;eeprom;0x200
YYRP;eeprom;0x200
YYSJ;eeprom;0x2000
YYTE;eeprom;0x2000
YYTP;eeprom;0x2000
YYUE;eeprom;0x200
YYUP;eeprom;0x200
YYWE;eeprom;0x200
YYWF;eeprom;0x200
YYWP;eeprom;0x200
YYXF;eeprom;0x200
YYYJ;eeprom;0x10000
YYZP;eeprom;0x200
YZ2J;eeprom;0x2000
YZ3J;eeprom;0x2000
YZ4J;eeprom;0x200
YZ5J;eeprom;0x2000
YZ6J;eeprom;0x2000
YZ7J;eeprom;0x200
YZ8J;eeprom;0x2000
YZ9J;eeprom;0x2000
YZAJ;eeprom;0x2000
YZBJ;eeprom;0x2000
YZCJ;eeprom;0x2000
YZDJ;eeprom;0x2000
YZEJ;eeprom;0x10000
YZFJ;eeprom;0x2000
YZGJ;eeprom;0x2000
YZHE;eeprom;0x200
YZHP;eeprom;0x200
YZHX;eeprom;0x200
YZIJ;eeprom;0x2000
YZJJ;eeprom;0x2000
YZKJ;eeprom;0x10000
YZLJ;eeprom;0x200
YZMJ;eeprom;0x2000
YZNJ;eeprom;0x2000
YZOJ;eeprom;0x2000
YZPJ;eeprom;0x2000
YZQJ;flash;0x40000
YZRJ;eeprom;0x2000
YZSJ;eeprom;0x2000
YZTE;flash;0x40000
YZTJ;flash;0x40000
YZTK;flash;0x40000
YZTP;flash;0x40000
YZUJ;eeprom;0x200
YZVJ;eeprom;0x2000
YZWJ;eeprom;0x2000
YZXE;eeprom;0x2000
YZXJ;eeprom;0x2000
YZXP;eeprom;0x2000
YZYE;eeprom;0x2000
YZZJ;eeprom;0x200
